交互检查规则,,,,,,,,,,,,,,,,,,,,,,,,
导出规则,,,,,,,,,,,,,,,,,,,,,,,,
分类,触发器相关,,,,,,,条件元件,,,,,,,,,动作元件,,,,,,,
表头,触发器编号,触发器类型,相关条件组,触发器元件,触发器参数1,触发器参数2,触发器参数3,条件关系,条件元件1,条件元件1参数1,条件元件1参数2,条件元件1参数3,条件元件2,条件元件2参数1,条件元件2参数2,条件元件2参数3,动作元件1,动作元件1参数1,动作元件1参数2,动作元件1参数3,动作元件2,动作元件2参数1,动作元件2参数2,动作元件2参数3
关键字标识,Y,,,,,,,,,,,,,,,,,,,,,,,
唯一标识,Y,,,,,,,,,,,,,,,,,,,,,,,
非空标识,Y,,,,,,,,,,,,,,,,,,,,,,,
检查规则,,,"#eref(任务条件表,id)",,,,,,,,,,,,,,,"#eref(任务条件表,id)",,,,,,
变量名称,id,triggerType,targetIds,triggerName,triggerArg1,triggerArg2,triggerArg3,conExpression,condition1,condition1Arg1,condition1Arg2,condition1Arg3,condition2,condition2Arg1,condition2Arg2,condition2Arg3,action1,action1Arg1,action1Arg2,action1Arg3,action2,action2Arg1,action2Arg2,action2Arg3
变量类型,I,I,E,S,E,E,E,E,S,E,E,E,S,E,E,E,S,E,E,E,S,E,E,E
变量空间,cs,s,cs,cs,s,s,s,s,s,s,cs,s,s,s,s,s,s,s,s,s,s,s,s,s
,,,,,,,,,,,,,,,,,,,,,,,,
BEGIN,任务触发表,mission_chufa_data,,,,,,,,,,,,,,,,,,,,,,
人物等级达到5级,10000,1,"(10000,)",avatarLvUpTrigger,,,,,,,,,,,,,setVar,"(10000,)","""lvNum""","""$context$0""",,,,
人物等级达到10级,10001,1,"(10001,)",avatarLvUpTrigger,,,,,,,,,,,,,setVar,"(10001,)","""lvNum""","""$context$0""",,,,
人物等级达到15级,10002,1,"(10002,)",avatarLvUpTrigger,,,,,,,,,,,,,setVar,"(10002,)","""lvNum""","""$context$0""",,,,
人物等级达到20级,10003,1,"(10003,)",avatarLvUpTrigger,,,,,,,,,,,,,setVar,"(10003,)","""lvNum""","""$context$0""",,,,
人物等级达到25级,10004,1,"(10004,)",avatarLvUpTrigger,,,,,,,,,,,,,setVar,"(10004,)","""lvNum""","""$context$0""",,,,
人物等级达到30级,10005,1,"(10005,)",avatarLvUpTrigger,,,,,,,,,,,,,setVar,"(10005,)","""lvNum""","""$context$0""",,,,
人物等级达到35级,10006,1,"(10006,)",avatarLvUpTrigger,,,,,,,,,,,,,setVar,"(10006,)","""lvNum""","""$context$0""",,,,
人物等级达到40级,10007,1,"(10007,)",avatarLvUpTrigger,,,,,,,,,,,,,setVar,"(10007,)","""lvNum""","""$context$0""",,,,
人物等级达到45级,10008,1,"(10008,)",avatarLvUpTrigger,,,,,,,,,,,,,setVar,"(10008,)","""lvNum""","""$context$0""",,,,
人物等级达到50级,10009,1,"(10009,)",avatarLvUpTrigger,,,,,,,,,,,,,setVar,"(10009,)","""lvNum""","""$context$0""",,,,
人物等级达到55级,10010,1,"(10010,)",avatarLvUpTrigger,,,,,,,,,,,,,setVar,"(10010,)","""lvNum""","""$context$0""",,,,
人物等级达到60级,10011,1,"(10011,)",avatarLvUpTrigger,,,,,,,,,,,,,setVar,"(10011,)","""lvNum""","""$context$0""",,,,
人物等级达到65级,10012,1,"(10012,)",avatarLvUpTrigger,,,,,,,,,,,,,setVar,"(10012,)","""lvNum""","""$context$0""",,,,
人物等级达到70级,10013,1,"(10013,)",avatarLvUpTrigger,,,,,,,,,,,,,setVar,"(10013,)","""lvNum""","""$context$0""",,,,
人物等级达到75级,10014,1,"(10014,)",avatarLvUpTrigger,,,,,,,,,,,,,setVar,"(10014,)","""lvNum""","""$context$0""",,,,
人物等级达到80级,10015,1,"(10015,)",avatarLvUpTrigger,,,,,,,,,,,,,setVar,"(10015,)","""lvNum""","""$context$0""",,,,
人物等级达到85级,10016,1,"(10016,)",avatarLvUpTrigger,,,,,,,,,,,,,setVar,"(10016,)","""lvNum""","""$context$0""",,,,
人物等级达到90级,10017,1,"(10017,)",avatarLvUpTrigger,,,,,,,,,,,,,setVar,"(10017,)","""lvNum""","""$context$0""",,,,
人物等级达到95级,10018,1,"(10018,)",avatarLvUpTrigger,,,,,,,,,,,,,setVar,"(10018,)","""lvNum""","""$context$0""",,,,
人物等级达到100级,10019,1,"(10019,)",avatarLvUpTrigger,,,,,,,,,,,,,setVar,"(10019,)","""lvNum""","""$context$0""",,,,
人物战力达到40000,10050,1,"(10050,)",zlTrigger,,,,,,,,,,,,,setVar,"(10050,)","""powNum""","""$context$0""",,,,
人物战力达到80000,10051,1,"(10051,)",zlTrigger,,,,,,,,,,,,,setVar,"(10051,)","""powNum""","""$context$0""",,,,
人物战力达到120000,10052,1,"(10052,)",zlTrigger,,,,,,,,,,,,,setVar,"(10052,)","""powNum""","""$context$0""",,,,
人物战力达到160000,10053,1,"(10053,)",zlTrigger,,,,,,,,,,,,,setVar,"(10053,)","""powNum""","""$context$0""",,,,
人物战力达到200000,10054,1,"(10054,)",zlTrigger,,,,,,,,,,,,,setVar,"(10054,)","""powNum""","""$context$0""",,,,
人物战力达到240000,10055,1,"(10055,)",zlTrigger,,,,,,,,,,,,,setVar,"(10055,)","""powNum""","""$context$0""",,,,
人物战力达到280000,10056,1,"(10056,)",zlTrigger,,,,,,,,,,,,,setVar,"(10056,)","""powNum""","""$context$0""",,,,
人物战力达到320000,10057,1,"(10057,)",zlTrigger,,,,,,,,,,,,,setVar,"(10057,)","""powNum""","""$context$0""",,,,
人物战力达到360000,10058,1,"(10058,)",zlTrigger,,,,,,,,,,,,,setVar,"(10058,)","""powNum""","""$context$0""",,,,
人物战力达到400000,10059,1,"(10059,)",zlTrigger,,,,,,,,,,,,,setVar,"(10059,)","""powNum""","""$context$0""",,,,
人物战力达到440000,10060,1,"(10060,)",zlTrigger,,,,,,,,,,,,,setVar,"(10060,)","""powNum""","""$context$0""",,,,
人物战力达到480000,10061,1,"(10061,)",zlTrigger,,,,,,,,,,,,,setVar,"(10061,)","""powNum""","""$context$0""",,,,
人物战力达到520000,10062,1,"(10062,)",zlTrigger,,,,,,,,,,,,,setVar,"(10062,)","""powNum""","""$context$0""",,,,
人物战力达到560000,10063,1,"(10063,)",zlTrigger,,,,,,,,,,,,,setVar,"(10063,)","""powNum""","""$context$0""",,,,
人物战力达到600000,10064,1,"(10064,)",zlTrigger,,,,,,,,,,,,,setVar,"(10064,)","""powNum""","""$context$0""",,,,
人物战力达到680000,10065,1,"(10065,)",zlTrigger,,,,,,,,,,,,,setVar,"(10065,)","""powNum""","""$context$0""",,,,
人物战力达到760000,10066,1,"(10066,)",zlTrigger,,,,,,,,,,,,,setVar,"(10066,)","""powNum""","""$context$0""",,,,
人物战力达到840000,10067,1,"(10067,)",zlTrigger,,,,,,,,,,,,,setVar,"(10067,)","""powNum""","""$context$0""",,,,
人物战力达到920000,10068,1,"(10068,)",zlTrigger,,,,,,,,,,,,,setVar,"(10068,)","""powNum""","""$context$0""",,,,
人物战力达到1000000,10069,1,"(10069,)",zlTrigger,,,,,,,,,,,,,setVar,"(10069,)","""powNum""","""$context$0""",,,,
人物战力达到1200000,10070,1,"(10070,)",zlTrigger,,,,,,,,,,,,,setVar,"(10070,)","""powNum""","""$context$0""",,,,
人物战力达到1400000,10071,1,"(10071,)",zlTrigger,,,,,,,,,,,,,setVar,"(10071,)","""powNum""","""$context$0""",,,,
人物战力达到1600000,10072,1,"(10072,)",zlTrigger,,,,,,,,,,,,,setVar,"(10072,)","""powNum""","""$context$0""",,,,
人物战力达到1800000,10073,1,"(10073,)",zlTrigger,,,,,,,,,,,,,setVar,"(10073,)","""powNum""","""$context$0""",,,,
人物战力达到2000000,10074,1,"(10074,)",zlTrigger,,,,,,,,,,,,,setVar,"(10074,)","""powNum""","""$context$0""",,,,
人物战力达到2500000,10075,1,"(10075,)",zlTrigger,,,,,,,,,,,,,setVar,"(10075,)","""powNum""","""$context$0""",,,,
人物战力达到3000000,10076,1,"(10076,)",zlTrigger,,,,,,,,,,,,,setVar,"(10076,)","""powNum""","""$context$0""",,,,
人物战力达到3500000,10077,1,"(10077,)",zlTrigger,,,,,,,,,,,,,setVar,"(10077,)","""powNum""","""$context$0""",,,,
人物战力达到4000000,10078,1,"(10078,)",zlTrigger,,,,,,,,,,,,,setVar,"(10078,)","""powNum""","""$context$0""",,,,
人物战力达到4500000,10079,1,"(10079,)",zlTrigger,,,,,,,,,,,,,setVar,"(10079,)","""powNum""","""$context$0""",,,,
人物战力达到5000000,10080,1,"(10080,)",zlTrigger,,,,,,,,,,,,,setVar,"(10080,)","""powNum""","""$context$0""",,,,
人物官品达到从九品,10100,1,"(10100,)",shengguanTrigger,,,,"(True,)",gte,"""$context$0""",1,,,,,,finish,"(10100,)",,,,,,
人物官品达到正九品,10101,1,"(10101,)",shengguanTrigger,,,,"(True,)",gte,"""$context$0""",2,,,,,,finish,"(10101,)",,,,,,
人物官品达到从八品,10102,1,"(10102,)",shengguanTrigger,,,,"(True,)",gte,"""$context$0""",3,,,,,,finish,"(10102,)",,,,,,
人物官品达到正八品,10103,1,"(10103,)",shengguanTrigger,,,,"(True,)",gte,"""$context$0""",4,,,,,,finish,"(10103,)",,,,,,
人物官品达到从七品,10104,1,"(10104,)",shengguanTrigger,,,,"(True,)",gte,"""$context$0""",5,,,,,,finish,"(10104,)",,,,,,
人物官品达到正七品,10105,1,"(10105,)",shengguanTrigger,,,,"(True,)",gte,"""$context$0""",6,,,,,,finish,"(10105,)",,,,,,
人物官品达到从六品,10106,1,"(10106,)",shengguanTrigger,,,,"(True,)",gte,"""$context$0""",7,,,,,,finish,"(10106,)",,,,,,
人物官品达到正六品,10107,1,"(10107,)",shengguanTrigger,,,,"(True,)",gte,"""$context$0""",8,,,,,,finish,"(10107,)",,,,,,
人物官品达到从五品,10108,1,"(10108,)",shengguanTrigger,,,,"(True,)",gte,"""$context$0""",9,,,,,,finish,"(10108,)",,,,,,
人物官品达到正五品,10109,1,"(10109,)",shengguanTrigger,,,,"(True,)",gte,"""$context$0""",10,,,,,,finish,"(10109,)",,,,,,
人物官品达到从四品,10110,1,"(10110,)",shengguanTrigger,,,,"(True,)",gte,"""$context$0""",11,,,,,,finish,"(10110,)",,,,,,
人物官品达到正四品,10111,1,"(10111,)",shengguanTrigger,,,,"(True,)",gte,"""$context$0""",12,,,,,,finish,"(10111,)",,,,,,
人物官品达到从三品,10112,1,"(10112,)",shengguanTrigger,,,,"(True,)",gte,"""$context$0""",13,,,,,,finish,"(10112,)",,,,,,
人物官品达到正三品,10113,1,"(10113,)",shengguanTrigger,,,,"(True,)",gte,"""$context$0""",14,,,,,,finish,"(10113,)",,,,,,
人物官品达到从二品,10114,1,"(10114,)",shengguanTrigger,,,,"(True,)",gte,"""$context$0""",15,,,,,,finish,"(10114,)",,,,,,
人物官品达到正二品,10115,1,"(10115,)",shengguanTrigger,,,,"(True,)",gte,"""$context$0""",16,,,,,,finish,"(10115,)",,,,,,
人物官品达到从一品,10116,1,"(10116,)",shengguanTrigger,,,,"(True,)",gte,"""$context$0""",17,,,,,,finish,"(10116,)",,,,,,
人物官品达到正一品,10117,1,"(10117,)",shengguanTrigger,,,,"(True,)",gte,"""$context$0""",18,,,,,,finish,"(10117,)",,,,,,
人物官品达到极品,10118,1,"(10118,)",shengguanTrigger,,,,"(True,)",gte,"""$context$0""",19,,,,,,finish,"(10118,)",,,,,,
庄园繁荣度达到6000,10150,1,"(10150,)",fanrongduTrigger,,,,,,,,,,,,,setVar,"(10150,)","""fanhuaNum""","""$context$0""",,,,
庄园繁荣度达到8000,10151,1,"(10151,)",fanrongduTrigger,,,,,,,,,,,,,setVar,"(10151,)","""fanhuaNum""","""$context$0""",,,,
庄园繁荣度达到10000,10152,1,"(10152,)",fanrongduTrigger,,,,,,,,,,,,,setVar,"(10152,)","""fanhuaNum""","""$context$0""",,,,
庄园繁荣度达到12000,10153,1,"(10153,)",fanrongduTrigger,,,,,,,,,,,,,setVar,"(10153,)","""fanhuaNum""","""$context$0""",,,,
庄园繁荣度达到14000,10154,1,"(10154,)",fanrongduTrigger,,,,,,,,,,,,,setVar,"(10154,)","""fanhuaNum""","""$context$0""",,,,
庄园繁荣度达到16000,10155,1,"(10155,)",fanrongduTrigger,,,,,,,,,,,,,setVar,"(10155,)","""fanhuaNum""","""$context$0""",,,,
庄园繁荣度达到18000,10156,1,"(10156,)",fanrongduTrigger,,,,,,,,,,,,,setVar,"(10156,)","""fanhuaNum""","""$context$0""",,,,
庄园繁荣度达到20000,10157,1,"(10157,)",fanrongduTrigger,,,,,,,,,,,,,setVar,"(10157,)","""fanhuaNum""","""$context$0""",,,,
庄园繁荣度达到24000,10158,1,"(10158,)",fanrongduTrigger,,,,,,,,,,,,,setVar,"(10158,)","""fanhuaNum""","""$context$0""",,,,
庄园繁荣度达到28000,10159,1,"(10159,)",fanrongduTrigger,,,,,,,,,,,,,setVar,"(10159,)","""fanhuaNum""","""$context$0""",,,,
庄园繁荣度达到32000,10160,1,"(10160,)",fanrongduTrigger,,,,,,,,,,,,,setVar,"(10160,)","""fanhuaNum""","""$context$0""",,,,
庄园繁荣度达到36000,10161,1,"(10161,)",fanrongduTrigger,,,,,,,,,,,,,setVar,"(10161,)","""fanhuaNum""","""$context$0""",,,,
庄园繁荣度达到40000,10162,1,"(10162,)",fanrongduTrigger,,,,,,,,,,,,,setVar,"(10162,)","""fanhuaNum""","""$context$0""",,,,
庄园繁荣度达到44000,10163,1,"(10163,)",fanrongduTrigger,,,,,,,,,,,,,setVar,"(10163,)","""fanhuaNum""","""$context$0""",,,,
庄园繁荣度达到48000,10164,1,"(10164,)",fanrongduTrigger,,,,,,,,,,,,,setVar,"(10164,)","""fanhuaNum""","""$context$0""",,,,
庄园繁荣度达到52000,10165,1,"(10165,)",fanrongduTrigger,,,,,,,,,,,,,setVar,"(10165,)","""fanhuaNum""","""$context$0""",,,,
庄园繁荣度达到56000,10166,1,"(10166,)",fanrongduTrigger,,,,,,,,,,,,,setVar,"(10166,)","""fanhuaNum""","""$context$0""",,,,
庄园繁荣度达到60000,10167,1,"(10167,)",fanrongduTrigger,,,,,,,,,,,,,setVar,"(10167,)","""fanhuaNum""","""$context$0""",,,,
庄园繁荣度达到70000,10168,1,"(10168,)",fanrongduTrigger,,,,,,,,,,,,,setVar,"(10168,)","""fanhuaNum""","""$context$0""",,,,
庄园繁荣度达到80000,10169,1,"(10169,)",fanrongduTrigger,,,,,,,,,,,,,setVar,"(10169,)","""fanhuaNum""","""$context$0""",,,,
庄园繁荣度达到90000,10170,1,"(10170,)",fanrongduTrigger,,,,,,,,,,,,,setVar,"(10170,)","""fanhuaNum""","""$context$0""",,,,
庄园繁荣度达到100000,10171,1,"(10171,)",fanrongduTrigger,,,,,,,,,,,,,setVar,"(10171,)","""fanhuaNum""","""$context$0""",,,,
庄园繁荣度达到110000,10172,1,"(10172,)",fanrongduTrigger,,,,,,,,,,,,,setVar,"(10172,)","""fanhuaNum""","""$context$0""",,,,
庄园繁荣度达到120000,10173,1,"(10173,)",fanrongduTrigger,,,,,,,,,,,,,setVar,"(10173,)","""fanhuaNum""","""$context$0""",,,,
庄园繁荣度达到130000,10174,1,"(10174,)",fanrongduTrigger,,,,,,,,,,,,,setVar,"(10174,)","""fanhuaNum""","""$context$0""",,,,
庄园繁荣度达到150000,10175,1,"(10175,)",fanrongduTrigger,,,,,,,,,,,,,setVar,"(10175,)","""fanhuaNum""","""$context$0""",,,,
庄园繁荣度达到200000,10176,1,"(10176,)",fanrongduTrigger,,,,,,,,,,,,,setVar,"(10176,)","""fanhuaNum""","""$context$0""",,,,
庄园繁荣度达到250000,10177,1,"(10177,)",fanrongduTrigger,,,,,,,,,,,,,setVar,"(10177,)","""fanhuaNum""","""$context$0""",,,,
庄园繁荣度达到300000,10178,1,"(10178,)",fanrongduTrigger,,,,,,,,,,,,,setVar,"(10178,)","""fanhuaNum""","""$context$0""",,,,
庄园繁荣度达到400000,10179,1,"(10179,)",fanrongduTrigger,,,,,,,,,,,,,setVar,"(10179,)","""fanhuaNum""","""$context$0""",,,,
官场竞争,10200,1,"(10200,10201,10202,10203,10204,10205,10206,10207,10208,10209,10210,10211,10212,10213,10214,10215,10216,10217,10218,10219,10220,10221,10222,10223,10224,)",leitaiTrigger,,,,,,,,,,,,,incVar,"(10200,10201,10202,10203,10204,10205,10206,10207,10208,10209,10210,10211,10212,10213,10214,10215,10216,10217,10218,10219,10220,10221,10222,10223,10224,)","""leitaiNum""","""$context$0""",,,,
玲珑塔达到10层,10250,1,"(10250,)",wwdgFstTrigger,,,,,,,,,,,,,setVar,"(10250,)","""cengshuNum""","""$context$0""",,,,
玲珑塔达到20层,10251,1,"(10251,)",wwdgFstTrigger,,,,,,,,,,,,,setVar,"(10251,)","""cengshuNum""","""$context$0""",,,,
玲珑塔达到30层,10252,1,"(10252,)",wwdgFstTrigger,,,,,,,,,,,,,setVar,"(10252,)","""cengshuNum""","""$context$0""",,,,
玲珑塔达到40层,10253,1,"(10253,)",wwdgFstTrigger,,,,,,,,,,,,,setVar,"(10253,)","""cengshuNum""","""$context$0""",,,,
玲珑塔达到50层,10254,1,"(10254,)",wwdgFstTrigger,,,,,,,,,,,,,setVar,"(10254,)","""cengshuNum""","""$context$0""",,,,
玲珑塔达到60层,10255,1,"(10255,)",wwdgFstTrigger,,,,,,,,,,,,,setVar,"(10255,)","""cengshuNum""","""$context$0""",,,,
玲珑塔达到70层,10256,1,"(10256,)",wwdgFstTrigger,,,,,,,,,,,,,setVar,"(10256,)","""cengshuNum""","""$context$0""",,,,
玲珑塔达到80层,10257,1,"(10257,)",wwdgFstTrigger,,,,,,,,,,,,,setVar,"(10257,)","""cengshuNum""","""$context$0""",,,,
玲珑塔达到90层,10258,1,"(10258,)",wwdgFstTrigger,,,,,,,,,,,,,setVar,"(10258,)","""cengshuNum""","""$context$0""",,,,
玲珑塔达到100层,10259,1,"(10259,)",wwdgFstTrigger,,,,,,,,,,,,,setVar,"(10259,)","""cengshuNum""","""$context$0""",,,,
玲珑塔达到110层,10260,1,"(10260,)",wwdgFstTrigger,,,,,,,,,,,,,setVar,"(10260,)","""cengshuNum""","""$context$0""",,,,
玲珑塔达到120层,10261,1,"(10261,)",wwdgFstTrigger,,,,,,,,,,,,,setVar,"(10261,)","""cengshuNum""","""$context$0""",,,,
玲珑塔达到130层,10262,1,"(10262,)",wwdgFstTrigger,,,,,,,,,,,,,setVar,"(10262,)","""cengshuNum""","""$context$0""",,,,
玲珑塔达到140层,10263,1,"(10263,)",wwdgFstTrigger,,,,,,,,,,,,,setVar,"(10263,)","""cengshuNum""","""$context$0""",,,,
玲珑塔达到150层,10264,1,"(10264,)",wwdgFstTrigger,,,,,,,,,,,,,setVar,"(10264,)","""cengshuNum""","""$context$0""",,,,
玲珑塔达到160层,10265,1,"(10265,)",wwdgFstTrigger,,,,,,,,,,,,,setVar,"(10265,)","""cengshuNum""","""$context$0""",,,,
玲珑塔达到170层,10266,1,"(10266,)",wwdgFstTrigger,,,,,,,,,,,,,setVar,"(10266,)","""cengshuNum""","""$context$0""",,,,
玲珑塔达到180层,10267,1,"(10267,)",wwdgFstTrigger,,,,,,,,,,,,,setVar,"(10267,)","""cengshuNum""","""$context$0""",,,,
玲珑塔达到190层,10268,1,"(10268,)",wwdgFstTrigger,,,,,,,,,,,,,setVar,"(10268,)","""cengshuNum""","""$context$0""",,,,
玲珑塔达到200层,10269,1,"(10269,)",wwdgFstTrigger,,,,,,,,,,,,,setVar,"(10269,)","""cengshuNum""","""$context$0""",,,,
玲珑塔达到210层,10270,1,"(10270,)",wwdgFstTrigger,,,,,,,,,,,,,setVar,"(10270,)","""cengshuNum""","""$context$0""",,,,
玲珑塔达到220层,10271,1,"(10271,)",wwdgFstTrigger,,,,,,,,,,,,,setVar,"(10271,)","""cengshuNum""","""$context$0""",,,,
玲珑塔达到230层,10272,1,"(10272,)",wwdgFstTrigger,,,,,,,,,,,,,setVar,"(10272,)","""cengshuNum""","""$context$0""",,,,
玲珑塔达到240层,10273,1,"(10273,)",wwdgFstTrigger,,,,,,,,,,,,,setVar,"(10273,)","""cengshuNum""","""$context$0""",,,,
贵族等级达到1级,10300,1,"(10300,)",vipTrigger,,,,,,,,,,,,,setVar,"(10300,)","""guizuNum""","""$context$0""",,,,
贵族等级达到2级,10301,1,"(10301,)",vipTrigger,,,,,,,,,,,,,setVar,"(10301,)","""guizuNum""","""$context$0""",,,,
贵族等级达到3级,10302,1,"(10302,)",vipTrigger,,,,,,,,,,,,,setVar,"(10302,)","""guizuNum""","""$context$0""",,,,
贵族等级达到4级,10303,1,"(10303,)",vipTrigger,,,,,,,,,,,,,setVar,"(10303,)","""guizuNum""","""$context$0""",,,,
贵族等级达到5级,10304,1,"(10304,)",vipTrigger,,,,,,,,,,,,,setVar,"(10304,)","""guizuNum""","""$context$0""",,,,
贵族等级达到6级,10305,1,"(10305,)",vipTrigger,,,,,,,,,,,,,setVar,"(10305,)","""guizuNum""","""$context$0""",,,,
贵族等级达到7级,10306,1,"(10306,)",vipTrigger,,,,,,,,,,,,,setVar,"(10306,)","""guizuNum""","""$context$0""",,,,
贵族等级达到8级,10307,1,"(10307,)",vipTrigger,,,,,,,,,,,,,setVar,"(10307,)","""guizuNum""","""$context$0""",,,,
贵族等级达到9级,10308,1,"(10308,)",vipTrigger,,,,,,,,,,,,,setVar,"(10308,)","""guizuNum""","""$context$0""",,,,
贵族等级达到10级,10309,1,"(10309,)",vipTrigger,,,,,,,,,,,,,setVar,"(10309,)","""guizuNum""","""$context$0""",,,,
贵族等级达到11级,10310,1,"(10310,)",vipTrigger,,,,,,,,,,,,,setVar,"(10310,)","""guizuNum""","""$context$0""",,,,
贵族等级达到12级,10311,1,"(10311,)",vipTrigger,,,,,,,,,,,,,setVar,"(10311,)","""guizuNum""","""$context$0""",,,,
贵族等级达到13级,10312,1,"(10312,)",vipTrigger,,,,,,,,,,,,,setVar,"(10312,)","""guizuNum""","""$context$0""",,,,
贵族等级达到14级,10313,1,"(10313,)",vipTrigger,,,,,,,,,,,,,setVar,"(10313,)","""guizuNum""","""$context$0""",,,,
贵族等级达到15级,10314,1,"(10314,)",vipTrigger,,,,,,,,,,,,,setVar,"(10314,)","""guizuNum""","""$context$0""",,,,
累计花费铜钱,10350,1,"(10350,10351,10352,10353,10354,10355,10356,10357,10358,10359,10360,10361,10362,10363,10364,10365,10366,10367,10368,10369,10370,10371,10372,10373,10374,10375,10376,10377,10378,10379,)",xiaohaoTQTrigger,,,,,,,,,,,,,incVar,"(10350,10351,10352,10353,10354,10355,10356,10357,10358,10359,10360,10361,10362,10363,10364,10365,10366,10367,10368,10369,10370,10371,10372,10373,10374,10375,10376,10377,10378,10379,)","""chXiaohaoTQNum""","""$context$0""",,,,
累计花费元宝达到100,10400,1,"(10400,10401,10402,10403,10404,10405,10406,10407,10408,10409,10410,10411,10412,10413,10414,10415,10416,10417,10418,10419,10420,10421,10422,10423,10424,10425,10426,10427,10428,10429,)",xiaohaoYbTrigger,,,,,,,,,,,,,incVar,"(10400,10401,10402,10403,10404,10405,10406,10407,10408,10409,10410,10411,10412,10413,10414,10415,10416,10417,10418,10419,10420,10421,10422,10423,10424,10425,10426,10427,10428,10429,)","""chXiaohaoYbNum""","""$context$0""",,,,
收集3位客卿,10450,1,"(10450,)",zhaomuTrigger,,,,,,,,,,,,,setVar,"(10450,)","""zhaomuNum""","""$context$0""",,,,
收集5位客卿,10451,1,"(10451,)",zhaomuTrigger,,,,,,,,,,,,,setVar,"(10451,)","""zhaomuNum""","""$context$0""",,,,
收集7位客卿,10452,1,"(10452,)",zhaomuTrigger,,,,,,,,,,,,,setVar,"(10452,)","""zhaomuNum""","""$context$0""",,,,
收集9位客卿,10453,1,"(10453,)",zhaomuTrigger,,,,,,,,,,,,,setVar,"(10453,)","""zhaomuNum""","""$context$0""",,,,
收集10位客卿,10454,1,"(10454,)",zhaomuTrigger,,,,,,,,,,,,,setVar,"(10454,)","""zhaomuNum""","""$context$0""",,,,
收集11位客卿,10455,1,"(10455,)",zhaomuTrigger,,,,,,,,,,,,,setVar,"(10455,)","""zhaomuNum""","""$context$0""",,,,
收集12位客卿,10456,1,"(10456,)",zhaomuTrigger,,,,,,,,,,,,,setVar,"(10456,)","""zhaomuNum""","""$context$0""",,,,
收集13位客卿,10457,1,"(10457,)",zhaomuTrigger,,,,,,,,,,,,,setVar,"(10457,)","""zhaomuNum""","""$context$0""",,,,
收集14位客卿,10458,1,"(10458,)",zhaomuTrigger,,,,,,,,,,,,,setVar,"(10458,)","""zhaomuNum""","""$context$0""",,,,
收集15位客卿,10459,1,"(10459,)",zhaomuTrigger,,,,,,,,,,,,,setVar,"(10459,)","""zhaomuNum""","""$context$0""",,,,
收集16位客卿,10460,1,"(10460,)",zhaomuTrigger,,,,,,,,,,,,,setVar,"(10460,)","""zhaomuNum""","""$context$0""",,,,
收集17位客卿,10461,1,"(10461,)",zhaomuTrigger,,,,,,,,,,,,,setVar,"(10461,)","""zhaomuNum""","""$context$0""",,,,
收集18位客卿,10462,1,"(10462,)",zhaomuTrigger,,,,,,,,,,,,,setVar,"(10462,)","""zhaomuNum""","""$context$0""",,,,
收集19位客卿,10463,1,"(10463,)",zhaomuTrigger,,,,,,,,,,,,,setVar,"(10463,)","""zhaomuNum""","""$context$0""",,,,
收集20位客卿,10464,1,"(10464,)",zhaomuTrigger,,,,,,,,,,,,,setVar,"(10464,)","""zhaomuNum""","""$context$0""",,,,
收集21位客卿,10465,1,"(10465,)",zhaomuTrigger,,,,,,,,,,,,,setVar,"(10465,)","""zhaomuNum""","""$context$0""",,,,
收集22位客卿,10466,1,"(10466,)",zhaomuTrigger,,,,,,,,,,,,,setVar,"(10466,)","""zhaomuNum""","""$context$0""",,,,
收集23位客卿,10467,1,"(10467,)",zhaomuTrigger,,,,,,,,,,,,,setVar,"(10467,)","""zhaomuNum""","""$context$0""",,,,
收集24位客卿,10468,1,"(10468,)",zhaomuTrigger,,,,,,,,,,,,,setVar,"(10468,)","""zhaomuNum""","""$context$0""",,,,
收集25位客卿,10469,1,"(10469,)",zhaomuTrigger,,,,,,,,,,,,,setVar,"(10469,)","""zhaomuNum""","""$context$0""",,,,
通关简单副本第1章节,10500,1,"(10500,)",gkCompleteTrigger,,,,"(True,)",eq,"""$context$0""",10005,,,,,,finish,"(10500,)",,,,,,
通关简单副本第2章节,10501,1,"(10501,)",gkCompleteTrigger,,,,"(True,)",eq,"""$context$0""",10016,,,,,,finish,"(10501,)",,,,,,
通关简单副本第3章节,10502,1,"(10502,)",gkCompleteTrigger,,,,"(True,)",eq,"""$context$0""",10027,,,,,,finish,"(10502,)",,,,,,
通关简单副本第4章节,10503,1,"(10503,)",gkCompleteTrigger,,,,"(True,)",eq,"""$context$0""",10039,,,,,,finish,"(10503,)",,,,,,
通关简单副本第5章节,10504,1,"(10504,)",gkCompleteTrigger,,,,"(True,)",eq,"""$context$0""",10049,,,,,,finish,"(10504,)",,,,,,
通关简单副本第6章节,10505,1,"(10505,)",gkCompleteTrigger,,,,"(True,)",eq,"""$context$0""",10059,,,,,,finish,"(10505,)",,,,,,
通关简单副本第7章节,10506,1,"(10506,)",gkCompleteTrigger,,,,"(True,)",eq,"""$context$0""",10069,,,,,,finish,"(10506,)",,,,,,
通关简单副本第8章节,10507,1,"(10507,)",gkCompleteTrigger,,,,"(True,)",eq,"""$context$0""",10079,,,,,,finish,"(10507,)",,,,,,
通关简单副本第9章节,10508,1,"(10508,)",gkCompleteTrigger,,,,"(True,)",eq,"""$context$0""",10089,,,,,,finish,"(10508,)",,,,,,
通关简单副本第10章节,10509,1,"(10509,)",gkCompleteTrigger,,,,"(True,)",eq,"""$context$0""",10099,,,,,,finish,"(10509,)",,,,,,
通关简单副本第11章节,10510,1,"(10510,)",gkCompleteTrigger,,,,"(True,)",eq,"""$context$0""",10109,,,,,,finish,"(10510,)",,,,,,
通关简单副本第12章节,10511,1,"(10511,)",gkCompleteTrigger,,,,"(True,)",eq,"""$context$0""",10109,,,,,,finish,"(10511,)",,,,,,
通关困难副本第1章节,10550,1,"(10550,)",gkCompleteTrigger,,,,"(True,)",eq,"""$context$0""",20009,,,,,,finish,"(10550,)",,,,,,
通关困难副本第2章节,10551,1,"(10551,)",gkCompleteTrigger,,,,"(True,)",eq,"""$context$0""",20019,,,,,,finish,"(10551,)",,,,,,
通关困难副本第3章节,10552,1,"(10552,)",gkCompleteTrigger,,,,"(True,)",eq,"""$context$0""",20029,,,,,,finish,"(10552,)",,,,,,
通关困难副本第4章节,10553,1,"(10553,)",gkCompleteTrigger,,,,"(True,)",eq,"""$context$0""",20039,,,,,,finish,"(10553,)",,,,,,
通关困难副本第5章节,10554,1,"(10554,)",gkCompleteTrigger,,,,"(True,)",eq,"""$context$0""",20049,,,,,,finish,"(10554,)",,,,,,
通关困难副本第6章节,10555,1,"(10555,)",gkCompleteTrigger,,,,"(True,)",eq,"""$context$0""",20059,,,,,,finish,"(10555,)",,,,,,
通关困难副本第7章节,10556,1,"(10556,)",gkCompleteTrigger,,,,"(True,)",eq,"""$context$0""",20069,,,,,,finish,"(10556,)",,,,,,
通关困难副本第8章节,10557,1,"(10557,)",gkCompleteTrigger,,,,"(True,)",eq,"""$context$0""",20079,,,,,,finish,"(10557,)",,,,,,
通关困难副本第9章节,10558,1,"(10558,)",gkCompleteTrigger,,,,"(True,)",eq,"""$context$0""",20089,,,,,,finish,"(10558,)",,,,,,
通关困难副本第10章节,10559,1,"(10559,)",gkCompleteTrigger,,,,"(True,)",eq,"""$context$0""",20099,,,,,,finish,"(10559,)",,,,,,
通关困难副本第11章节,10560,1,"(10560,)",gkCompleteTrigger,,,,"(True,)",eq,"""$context$0""",20109,,,,,,finish,"(10560,)",,,,,,
通关困难副本第12章节,10561,1,"(10561,)",gkCompleteTrigger,,,,"(True,)",eq,"""$context$0""",20119,,,,,,finish,"(10561,)",,,,,,
赠送鲜花,10650,1,"(10650,10651,10652,10653,10654,10655,10656,10657,10658,10659,10660,10661,10662,10663,10664,10665,10666,10667,10668,10669,10670,10671,10672,10673,10674,10675,10676,10677,10678,)",zsFlowerTrigger,,,,,,,,,,,,,incVar,"(10650,10651,10652,10653,10654,10655,10656,10657,10658,10659,10660,10661,10662,10663,10664,10665,10666,10667,10668,10669,10670,10671,10672,10673,10674,10675,10676,10677,10678,)","""addZsFlowerNum""",1,,,,
副本总星级达到10星,10600,1,"(10600,10601,10602,10603,10604,10605,10606,10607,10608,10609,10610,10611,10612,10613,10614,10615,10616,10617,10618,10619,10620,10621,10622,10623,10624,)",fubenstarTrigger,,,,,,,,,,,,,incVar,"(10600,10601,10602,10603,10604,10605,10606,10607,10608,10609,10610,10611,10612,10613,10614,10615,10616,10617,10618,10619,10620,10621,10622,10623,10624,)","""FbxjNum""","""$context$0""",,,,
成功挑战普通副本5次,20000,2,"(20000,)",gkCompleteTrigger,,,,"(True,)",eq,"""$context$1""",1,,,,,,incVar,"(20000,)","""dayPtgkNum""",1,,,,
成功挑战困难副本5次,20001,2,"(20001,)",gkCompleteTrigger,,,,"(True,)",eq,"""$context$1""",2,,,,,,incVar,"(20001,)","""dayJygkNum""",1,,,,
成功挑战悬赏任务5次,20002,2,"(20002,)",xsCompleteTrigger,,,,,,,,,,,,,incVar,"(20002,)","""dayXsrwNum""",1,,,,
挑战玲珑塔1次,20003,2,"(20003,)",wwdgFstTrigger,,,,,,,,,,,,,incVar,"(20003,)","""dayPataNum""",1,,,,
客卿本3次,20004,2,"(20004,)",zjTrigger,,,,,,,,,,,,,incVar,"(20004,)","""dayZjfbNum""",1,,,,
购买体力1次,20005,2,"(20005,)",tlTrigger,,,,,,,,,,,,,incVar,"(20005,)","""dayBuyHpNum""",1,,,,
购买铜钱1次,20006,2,"(20006,)",tqTrigger,,,,,,,,,,,,,incVar,"(20006,)","""dayBuyMoneyNum""",1,,,,
购买道具1次,20007,2,"(20007,)",djTrigger,,,,,,,,,,,,,incVar,"(20007,)","""dayBuyItemNum""",1,,,,
官场官斗5次,20008,2,"(20008,)",leitaiTrigger,,,,,,,,,,,,,incVar,"(20008,)","""dayGdNum""",1,,,,
拜见皇上1次,20009,2,"(20009,)",baijianTrigger,,,,,,,,,,,,,incVar,"(20009,)","""dayBjNum""",1,,,,
装备强化1次,20011,2,"(20011,)",qianghuaTrigger,,,,,,,,,,,,,incVar,"(20011,)","""dayZbqhNum""",1,,,,
宝石合成1次,20012,2,"(20012,)",hechengTrigger,,,,,,,,,,,,,incVar,"(20012,)","""dayBshcNum""",1,,,,
世界聊天1次,20013,2,"(20013,)",liaotianTrigger,,,,,,,,,,,,,incVar,"(20013,)","""dayLiaotianNum""",1,,,,
阵法升级1次,20014,2,"(20014,)",zhenfaTrigger,,,,,,,,,,,,,incVar,"(20014,)","""dayZfsjNum""",1,,,,
护符强化1次,20015,2,"(20015,)",hufuTrigger,,,,,,,,,,,,,incVar,"(20015,)","""dayHfqhNum""",1,,,,
参与世界BOSS1次,20016,2,"(20016,)",bossTrigger,,,,,,,,,,,,,incVar,"(20016,)","""bossNum""",1,,,,
家园采矿1次,20017,2,"(20017,)",caikuangTrigger,,,,,,,,,,,,,incVar,"(20017,)","""caikuangNum""",1,,,,
随从升级1次,20018,2,"(20018,)",lvUpTrigger,,,,,,,,,,,,,incVar,"(20018,)","""lvUpNum""",1,,,,
南府惊变,35000,3,"(35000,)",duihuaTrigger,,,,"(True,)",eq,"""$context$0""",4,,,,,,finish,"(35000,)",,,,,,
南府惊变,35001,3,"(35001,)",duihuaTrigger,,,,"(True,)",eq,"""$context$0""",5,,,,,,finish,"(35001,)",,,,,,
南府惊变,35002,3,"(35002,)",duihuaTrigger,,,,"(True,)",eq,"""$context$0""",6,,,,,,finish,"(35002,)",,,,,,
南府惊变,35003,3,"(35003,)",zxjqfightTrigger,,,,"(True,)",eq,"""$context$0""",4001,,,,,,incVar,"(35003,)","""zxJqFihgtNum""",1,,,,
南府惊变,35004,3,"(35004,)",duihuaTrigger,,,,"(True,)",eq,"""$context$0""",8,,,,,,finish,"(35004,)",,,,,,
南府惊变,35005,3,"(35005,)",zxjqfightTrigger,,,,"(True,)",eq,"""$context$0""",4002,,,,,,incVar,"(35005,)","""zxJqFihgtNum""",1,,,,
南府惊变,35006,3,"(35006,)",duihuaTrigger,,,,"(True,)",eq,"""$context$0""",10,,,,,,finish,"(35006,)",,,,,,
南府惊变,35007,3,"(35007,)",zxjqfightTrigger,,,,"(True,)",eq,"""$context$0""",4003,,,,,,incVar,"(35007,)","""zxJqFihgtNum""",1,,,,
南府惊变,35008,3,"(35008,)",duihuaTrigger,,,,"(True,)",eq,"""$context$0""",12,,,,,,finish,"(35008,)",,,,,,
南府惊变,35009,3,"(35009,)",duihuaTrigger,,,,"(True,)",eq,"""$context$0""",13,,,,,,finish,"(35009,)",,,,,,
南府惊变,35010,3,"(35010,)",zxFindTrigger,,,,"(True,)",eq,"""$context$0""",26171,,,,,,incVar,"(35010,)","""zxFindNum""",1,,,,
枫山迷踪,35011,3,"(35011,)",duihuaTrigger,,,,"(True,)",eq,"""$context$0""",17,,,,,,finish,"(35011,)",,,,,,
枫山迷踪,35012,3,"(35012,)",zxjqfightTrigger,,,,"(True,)",eq,"""$context$0""",4004,,,,,,incVar,"(35012,)","""zxJqFihgtNum""",1,,,,
枫山迷踪,35013,3,"(35013,)",zxjqfightTrigger,,,,"(True,)",eq,"""$context$0""",4005,,,,,,incVar,"(35013,)","""zxJqFihgtNum""",1,,,,
枫山迷踪,35014,3,"(35014,)",duihuaTrigger,,,,"(True,)",eq,"""$context$0""",20,,,,,,finish,"(35014,)",,,,,,
枫山迷踪,35015,3,"(35015,)",duihuaTrigger,,,,"(True,)",eq,"""$context$0""",21,,,,,,finish,"(35015,)",,,,,,
枫山迷踪,35016,3,"(35016,)",duihuaTrigger,,,,"(True,)",eq,"""$context$0""",22,,,,,,finish,"(35016,)",,,,,,
枫山迷踪,35017,3,"(35017,)",duihuaTrigger,,,,"(True,)",eq,"""$context$0""",23,,,,,,finish,"(35017,)",,,,,,
枫山迷踪,35018,3,"(35018,)",duihuaTrigger,,,,"(True,)",eq,"""$context$0""",24,,,,,,finish,"(35018,)",,,,,,
枫山迷踪,35019,3,"(35019,)",duihuaTrigger,,,,"(True,)",eq,"""$context$0""",25,,,,,,finish,"(35019,)",,,,,,
枫山迷踪,35020,3,"(35020,)",zxjqfightTrigger,,,,"(True,)",eq,"""$context$0""",4006,,,,,,incVar,"(35020,)","""zxJqFihgtNum""",1,,,,
枫山迷踪,35021,3,"(35021,)",duihuaTrigger,,,,"(True,)",eq,"""$context$0""",27,,,,,,finish,"(35021,)",,,,,,
枫山迷踪,35022,3,"(35022,)",duihuaTrigger,,,,"(True,)",eq,"""$context$0""",28,,,,,,finish,"(35022,)",,,,,,
来去自如,35023,3,"(35023,)",duihuaTrigger,,,,"(True,)",eq,"""$context$0""",29,,,,,,finish,"(35023,)",,,,,,
来去自如,35024,3,"(35024,)",duihuaTrigger,,,,"(True,)",eq,"""$context$0""",30,,,,,,finish,"(35024,)",,,,,,
来去自如,35025,3,"(35025,)",duihuaTrigger,,,,"(True,)",eq,"""$context$0""",31,,,,,,finish,"(35025,)",,,,,,
来去自如,35026,3,"(35026,)",duihuaTrigger,,,,"(True,)",eq,"""$context$0""",32,,,,,,finish,"(35026,)",,,,,,
来去自如,35027,3,"(35027,)",duihuaTrigger,,,,"(True,)",eq,"""$context$0""",33,,,,,,finish,"(35027,)",,,,,,
来去自如,35028,3,"(35028,)",duihuaTrigger,,,,"(True,)",eq,"""$context$0""",34,,,,,,finish,"(35028,)",,,,,,
来去自如,35029,3,"(35029,)",duihuaTrigger,,,,"(True,)",eq,"""$context$0""",35,,,,,,finish,"(35029,)",,,,,,
集贤险事,35030,3,"(35030,)",duihuaTrigger,,,,"(True,)",eq,"""$context$0""",36,,,,,,finish,"(35030,)",,,,,,
集贤险事,35031,3,"(35031,)",zxjqfightTrigger,,,,"(True,)",eq,"""$context$0""",4010,,,,,,incVar,"(35031,)","""zxJqFihgtNum""",1,,,,
集贤险事,35032,3,"(35032,)",duihuaTrigger,,,,"(True,)",eq,"""$context$0""",38,,,,,,finish,"(35032,)",,,,,,
集贤险事,35033,3,"(35033,)",zxjqfightTrigger,,,,"(True,)",eq,"""$context$0""",4011,,,,,,incVar,"(35033,)","""zxJqFihgtNum""",1,,,,
集贤险事,35034,3,"(35034,)",zxjqfightTrigger,,,,"(True,)",eq,"""$context$0""",4012,,,,,,incVar,"(35034,)","""zxJqFihgtNum""",1,,,,
集贤险事,35035,3,"(35035,)",duihuaTrigger,,,,"(True,)",eq,"""$context$0""",41,,,,,,finish,"(35035,)",,,,,,
集贤险事,35036,3,"(35036,)",duihuaTrigger,,,,"(True,)",eq,"""$context$0""",42,,,,,,finish,"(35036,)",,,,,,
集贤险事,35037,3,"(35037,)",duihuaTrigger,,,,"(True,)",eq,"""$context$0""",43,,,,,,finish,"(35037,)",,,,,,
集贤险事,35038,3,"(35038,)",duihuaTrigger,,,,"(True,)",eq,"""$context$0""",44,,,,,,finish,"(35038,)",,,,,,
临江楼之变,35039,3,"(35039,)",duihuaTrigger,,,,"(True,)",eq,"""$context$0""",45,,,,,,finish,"(35039,)",,,,,,
临江楼之变,35040,3,"(35040,)",zxjqfightTrigger,,,,"(True,)",eq,"""$context$0""",4014,,,,,,incVar,"(35040,)","""zxJqFihgtNum""",1,,,,
临江楼之变,35041,3,"(35041,)",duihuaTrigger,,,,"(True,)",eq,"""$context$0""",47,,,,,,finish,"(35041,)",,,,,,
临江楼之变,35042,3,"(35042,)",zxjqfightTrigger,,,,"(True,)",eq,"""$context$0""",4015,,,,,,incVar,"(35042,)","""zxJqFihgtNum""",1,,,,
临江楼之变,35043,3,"(35043,)",duihuaTrigger,,,,"(True,)",eq,"""$context$0""",49,,,,,,finish,"(35043,)",,,,,,
临江楼之变,35044,3,"(35044,)",duihuaTrigger,,,,"(True,)",eq,"""$context$0""",50,,,,,,finish,"(35044,)",,,,,,
临江楼之变,35045,3,"(35045,)",duihuaTrigger,,,,"(True,)",eq,"""$context$0""",51,,,,,,finish,"(35045,)",,,,,,
临江楼之变,35046,3,"(35046,)",duihuaTrigger,,,,"(True,)",eq,"""$context$0""",52,,,,,,finish,"(35046,)",,,,,,
临江楼之变,35047,3,"(35047,)",duihuaTrigger,,,,"(True,)",eq,"""$context$0""",53,,,,,,finish,"(35047,)",,,,,,
临江楼之变,35048,3,"(35048,)",duihuaTrigger,,,,"(True,)",eq,"""$context$0""",54,,,,,,finish,"(35048,)",,,,,,
临江楼之变,35049,3,"(35049,)",duihuaTrigger,,,,"(True,)",eq,"""$context$0""",55,,,,,,finish,"(35049,)",,,,,,
长风疑云,35050,3,"(35050,)",duihuaTrigger,,,,"(True,)",eq,"""$context$0""",56,,,,,,finish,"(35050,)",,,,,,
长风疑云,35051,3,"(35051,)",zxjqfightTrigger,,,,"(True,)",eq,"""$context$0""",4019,,,,,,incVar,"(35051,)","""zxJqFihgtNum""",1,,,,
长风疑云,35052,3,"(35052,)",duihuaTrigger,,,,"(True,)",eq,"""$context$0""",58,,,,,,finish,"(35052,)",,,,,,
长风疑云,35053,3,"(35053,)",duihuaTrigger,,,,"(True,)",eq,"""$context$0""",59,,,,,,finish,"(35053,)",,,,,,
长风疑云,35054,3,"(35054,)",duihuaTrigger,,,,"(True,)",eq,"""$context$0""",60,,,,,,finish,"(35054,)",,,,,,
长风疑云,35055,3,"(35055,)",duihuaTrigger,,,,"(True,)",eq,"""$context$0""",61,,,,,,finish,"(35055,)",,,,,,
长风疑云,35056,3,"(35056,)",duihuaTrigger,,,,"(True,)",eq,"""$context$0""",62,,,,,,finish,"(35056,)",,,,,,
南府之行,37000,3,"(37000,)",duihuaTrigger,,,,"(True,)",eq,"""$context$0""",2,,,,,,finish,"(37000,)",,,,,,
南府之行,37001,3,"(37001,)",duihuaTrigger,,,,"(True,)",eq,"""$context$0""",3,,,,,,finish,"(37001,)",,,,,,
南府之行,37002,3,"(37002,)",zxjqfightTrigger,,,,"(True,)",eq,"""$context$0""",4021,,,,,,incVar,"(37002,)","""zxJqFihgtNum""",1,,,,
南府之行,37003,3,"(37003,)",duihuaTrigger,,,,"(True,)",eq,"""$context$0""",5,,,,,,finish,"(37003,)",,,,,,
南府之行,37004,3,"(37004,)",duihuaTrigger,,,,"(True,)",eq,"""$context$0""",6,,,,,,finish,"(37004,)",,,,,,
南府之行,37005,3,"(37005,)",zxjqfightTrigger,,,,"(True,)",eq,"""$context$0""",4022,,,,,,incVar,"(37005,)","""zxJqFihgtNum""",1,,,,
南府之行,37006,3,"(37006,)",zxjqfightTrigger,,,,"(True,)",eq,"""$context$0""",4023,,,,,,incVar,"(37006,)","""zxJqFihgtNum""",1,,,,
南府之行,37007,3,"(37007,)",duihuaTrigger,,,,"(True,)",eq,"""$context$0""",9,,,,,,finish,"(37007,)",,,,,,
南府之行,37008,3,"(37008,)",duihuaTrigger,,,,"(True,)",eq,"""$context$0""",11,,,,,,finish,"(37008,)",,,,,,
南府之行,37009,3,"(37009,)",duihuaTrigger,,,,"(True,)",eq,"""$context$0""",12,,,,,,finish,"(37009,)",,,,,,
枫山雪夜,37010,3,"(37010,)",duihuaTrigger,,,,"(True,)",eq,"""$context$0""",13,,,,,,finish,"(37010,)",,,,,,
枫山雪夜,37011,3,"(37011,)",zxjqfightTrigger,,,,"(True,)",eq,"""$context$0""",4024,,,,,,incVar,"(37011,)","""zxJqFihgtNum""",1,,,,
枫山雪夜,37012,3,"(37012,)",zxjqfightTrigger,,,,"(True,)",eq,"""$context$0""",4024,,,,,,incVar,"(37012,)","""zxJqFihgtNum""",1,,,,
枫山雪夜,37013,3,"(37013,)",duihuaTrigger,,,,"(True,)",eq,"""$context$0""",16,,,,,,finish,"(37013,)",,,,,,
枫山雪夜,37014,3,"(37014,)",duihuaTrigger,,,,"(True,)",eq,"""$context$0""",17,,,,,,finish,"(37014,)",,,,,,
枫山雪夜,37015,3,"(37015,)",duihuaTrigger,,,,"(True,)",eq,"""$context$0""",18,,,,,,finish,"(37015,)",,,,,,
枫山雪夜,37016,3,"(37016,)",zxjqfightTrigger,,,,"(True,)",eq,"""$context$0""",4025,,,,,,incVar,"(37016,)","""zxJqFihgtNum""",1,,,,
枫山雪夜,37017,3,"(37017,)",duihuaTrigger,,,,"(True,)",eq,"""$context$0""",20,,,,,,finish,"(37017,)",,,,,,
枫山雪夜,37018,3,"(37018,)",duihuaTrigger,,,,"(True,)",eq,"""$context$0""",21,,,,,,finish,"(37018,)",,,,,,
枫山雪夜,37019,3,"(37019,)",zxjqfightTrigger,,,,"(True,)",eq,"""$context$0""",4026,,,,,,incVar,"(37019,)","""zxJqFihgtNum""",1,,,,
枫山雪夜,37020,3,"(37020,)",duihuaTrigger,,,,"(True,)",eq,"""$context$0""",23,,,,,,finish,"(37020,)",,,,,,
金陵疑云,37021,3,"(37021,)",duihuaTrigger,,,,"(True,)",eq,"""$context$0""",24,,,,,,finish,"(37021,)",,,,,,
金陵疑云,37022,3,"(37022,)",duihuaTrigger,,,,"(True,)",eq,"""$context$0""",25,,,,,,finish,"(37022,)",,,,,,
金陵疑云,37023,3,"(37023,)",zxjqfightTrigger,,,,"(True,)",eq,"""$context$0""",4027,,,,,,incVar,"(37023,)","""zxJqFihgtNum""",1,,,,
金陵疑云,37024,3,"(37024,)",duihuaTrigger,,,,"(True,)",eq,"""$context$0""",27,,,,,,finish,"(37024,)",,,,,,
金陵疑云,37025,3,"(37025,)",duihuaTrigger,,,,"(True,)",eq,"""$context$0""",28,,,,,,finish,"(37025,)",,,,,,
金陵疑云,37026,3,"(37026,)",zxjqfightTrigger,,,,"(True,)",eq,"""$context$0""",4028,,,,,,incVar,"(37026,)","""zxJqFihgtNum""",1,,,,
金陵疑云,37027,3,"(37027,)",duihuaTrigger,,,,"(True,)",eq,"""$context$0""",30,,,,,,finish,"(37027,)",,,,,,
金陵疑云,37028,3,"(37028,)",duihuaTrigger,,,,"(True,)",eq,"""$context$0""",31,,,,,,finish,"(37028,)",,,,,,
金陵疑云,37029,3,"(37029,)",zxjqfightTrigger,,,,"(True,)",eq,"""$context$0""",4029,,,,,,incVar,"(37029,)","""zxJqFihgtNum""",1,,,,
金陵疑云,37030,3,"(37030,)",duihuaTrigger,,,,"(True,)",eq,"""$context$0""",33,,,,,,finish,"(37030,)",,,,,,
他乡故知,37031,3,"(37031,)",duihuaTrigger,,,,"(True,)",eq,"""$context$0""",34,,,,,,finish,"(37031,)",,,,,,
他乡故知,37032,3,"(37032,)",duihuaTrigger,,,,"(True,)",eq,"""$context$0""",35,,,,,,finish,"(37032,)",,,,,,
他乡故知,37033,3,"(37033,)",duihuaTrigger,,,,"(True,)",eq,"""$context$0""",36,,,,,,finish,"(37033,)",,,,,,
他乡故知,37034,3,"(37034,)",duihuaTrigger,,,,"(True,)",eq,"""$context$0""",37,,,,,,finish,"(37034,)",,,,,,
他乡故知,37035,3,"(37035,)",duihuaTrigger,,,,"(True,)",eq,"""$context$0""",38,,,,,,finish,"(37035,)",,,,,,
他乡故知,37036,3,"(37036,)",duihuaTrigger,,,,"(True,)",eq,"""$context$0""",39,,,,,,finish,"(37036,)",,,,,,
他乡故知,37037,3,"(37037,)",duihuaTrigger,,,,"(True,)",eq,"""$context$0""",40,,,,,,finish,"(37037,)",,,,,,
他乡故知,37038,3,"(37038,)",duihuaTrigger,,,,"(True,)",eq,"""$context$0""",41,,,,,,finish,"(37038,)",,,,,,
他乡故知,37039,3,"(37039,)",duihuaTrigger,,,,"(True,)",eq,"""$context$0""",42,,,,,,finish,"(37039,)",,,,,,
他乡故知,37040,3,"(37040,)",duihuaTrigger,,,,"(True,)",eq,"""$context$0""",43,,,,,,finish,"(37040,)",,,,,,
暗潮涌动,37041,3,"(37041,)",duihuaTrigger,,,,"(True,)",eq,"""$context$0""",44,,,,,,finish,"(37041,)",,,,,,
暗潮涌动,37042,3,"(37042,)",zxjqfightTrigger,,,,"(True,)",eq,"""$context$0""",4034,,,,,,incVar,"(37042,)","""zxJqFihgtNum""",1,,,,
暗潮涌动,37043,3,"(37043,)",zxjqfightTrigger,,,,"(True,)",eq,"""$context$0""",4035,,,,,,incVar,"(37043,)","""zxJqFihgtNum""",1,,,,
暗潮涌动,37044,3,"(37044,)",duihuaTrigger,,,,"(True,)",eq,"""$context$0""",47,,,,,,finish,"(37044,)",,,,,,
暗潮涌动,37045,3,"(37045,)",duihuaTrigger,,,,"(True,)",eq,"""$context$0""",48,,,,,,finish,"(37045,)",,,,,,
暗潮涌动,37046,3,"(37046,)",duihuaTrigger,,,,"(True,)",eq,"""$context$0""",49,,,,,,finish,"(37046,)",,,,,,
暗潮涌动,37047,3,"(37047,)",zxjqfightTrigger,,,,"(True,)",eq,"""$context$0""",4036,,,,,,incVar,"(37047,)","""zxJqFihgtNum""",1,,,,
暗潮涌动,37048,3,"(37048,)",zxjqfightTrigger,,,,"(True,)",eq,"""$context$0""",4037,,,,,,incVar,"(37048,)","""zxJqFihgtNum""",1,,,,
暗潮涌动,37049,3,"(37049,)",duihuaTrigger,,,,"(True,)",eq,"""$context$0""",52,,,,,,finish,"(37049,)",,,,,,
风云突变,37050,3,"(37050,)",duihuaTrigger,,,,"(True,)",eq,"""$context$0""",53,,,,,,finish,"(37050,)",,,,,,
风云突变,37051,3,"(37051,)",duihuaTrigger,,,,"(True,)",eq,"""$context$0""",54,,,,,,finish,"(37051,)",,,,,,
风云突变,37052,3,"(37052,)",zxjqfightTrigger,,,,"(True,)",eq,"""$context$0""",4038,,,,,,incVar,"(37052,)","""zxJqFihgtNum""",1,,,,
风云突变,37053,3,"(37053,)",duihuaTrigger,,,,"(True,)",eq,"""$context$0""",56,,,,,,finish,"(37053,)",,,,,,
风云突变,37054,3,"(37054,)",zxjqfightTrigger,,,,"(True,)",eq,"""$context$0""",4039,,,,,,incVar,"(37054,)","""zxJqFihgtNum""",1,,,,
风云突变,37055,3,"(37055,)",duihuaTrigger,,,,"(True,)",eq,"""$context$0""",58,,,,,,finish,"(37055,)",,,,,,
风云突变,37056,3,"(37056,)",zxjqfightTrigger,,,,"(True,)",eq,"""$context$0""",4040,,,,,,incVar,"(37056,)","""zxJqFihgtNum""",1,,,,
风云突变,37057,3,"(37057,)",duihuaTrigger,,,,"(True,)",eq,"""$context$0""",60,,,,,,finish,"(37057,)",,,,,,
通关1-3,40000,4,"(40000,)",gkCompleteTrigger,,,,"(True,)",eq,"""$context$0""",10002,,,,,,finish,"(40000,)",,,,,,
通关1-5,40001,4,"(40001,)",gkCompleteTrigger,,,,"(True,)",eq,"""$context$0""",10004,,,,,,finish,"(40001,)",,,,,,
通关2-3,40002,4,"(40002,)",gkCompleteTrigger,,,,"(True,)",eq,"""$context$0""",10012,,,,,,finish,"(40002,)",,,,,,
通关2-6,40003,4,"(40003,)",gkCompleteTrigger,,,,"(True,)",eq,"""$context$0""",10015,,,,,,finish,"(40003,)",,,,,,
通关2-7,40004,4,"(40004,)",gkCompleteTrigger,,,,"(True,)",eq,"""$context$0""",10016,,,,,,finish,"(40004,)",,,,,,
通关3-3,40005,4,"(40005,)",gkCompleteTrigger,,,,"(True,)",eq,"""$context$0""",10022,,,,,,finish,"(40005,)",,,,,,
通关3-6,40006,4,"(40006,)",gkCompleteTrigger,,,,"(True,)",eq,"""$context$0""",10025,,,,,,finish,"(40006,)",,,,,,
通关3-8,40007,4,"(40007,)",gkCompleteTrigger,,,,"(True,)",eq,"""$context$0""",10027,,,,,,finish,"(40007,)",,,,,,
挑战玲珑塔1次,40008,4,"(40008,)",wwdgFstTrigger,,,,,,,,,,,,,incVar,"(40008,)","""PaTaNum""",1,,,,
角色官品达到正九品,40009,4,"(40009,)",shengguanTrigger,,,,"(True,)",gte,"""$context$0""",2,,,,,,finish,"(40009,)",,,,,,
角色官品达到从六品,40010,4,"(40010,)",shengguanTrigger,,,,"(True,)",gte,"""$context$0""",7,,,,,,finish,"(40010,)",,,,,,
赠送鲜花,50000,5,"(50000,)",zsFlowerTrigger,,,,,,,,,,,,,incVar,"(50000,)","""dayZsFlowerNum""",1,,,,
派系捐献,50001,5,"(50001,)",pxDonateTrigger,,,,,,,,,,,,,incVar,"(50001,)","""dayPxjxNum""",1,,,,
派系斗争,50002,5,"(50002,)",pxFightTrigger,,,,,,,,,,,,,incVar,"(50002,)","""dayPxdzNum""",1,,,,
权贵友好,50003,5,"(50003,)",qgAmityTrigger,,,,,,,,,,,,,incVar,"(50003,)","""dayQjyhNum""",1,,,,
权贵宴请,50004,5,"(50004,)",qgInviteTrigger,,,,,,,,,,,,,incVar,"(50004,)","""dayQjyqNum""",1,,,,
赠送体力,50005,5,"(50005,)",zsPowerTrigger,,,,,,,,,,,,,incVar,"(50005,)","""dayZstlNum""",1,,,,
世界聊天,50006,5,"(50006,)",liaotianTrigger,,,,,,,,,,,,,incVar,"(50006,)","""liaotianNum""",1,,,,
派系购买,50007,5,"(50007,)",pxBuyTrigger,,,,,,,,,,,,,incVar,"(50007,)","""dayPxgmNum""",1,,,,
拜访好友庄园,50008,5,"(50008,)",bfHomeTrigger,,,,,,,,,,,,,incVar,"(50008,)","""dayBfzyNum""",1,,,,
冠盖京华,90002,9,"(90002,)",vipTrigger,,,,"(True,)",gte,"""$context$0""",3,,,,,,finish,"(90002,)",,,,,,
灵舒望月,90009,9,"(90009,)",vipTrigger,,,,"(True,)",gte,"""$context$0""",10,,,,,,finish,"(90009,)",,,,,,
惊鸿照影,90014,9,"(90014,)",vipTrigger,,,,"(True,)",gte,"""$context$0""",15,,,,,,finish,"(90014,)",,,,,,
初入仕途,90050,9,"(90050,)",shengguanTrigger,,,,"(True,)",gte,"""$context$0""",1,,,,,,finish,"(90050,)",,,,,,
锦绣前程,90051,9,"(90051,)",shengguanTrigger,,,,"(True,)",gte,"""$context$0""",8,,,,,,finish,"(90051,)",,,,,,
位极人臣,90052,9,"(90052,)",shengguanTrigger,,,,"(True,)",gte,"""$context$0""",18,,,,,,finish,"(90052,)",,,,,,
万人之上,90053,9,"(90053,)",shengguanTrigger,,,,"(True,)",gte,"""$context$0""",19,,,,,,finish,"(90053,)",,,,,,
VIP2头像,90100,11,"(90100,)",vipTrigger,,,,"(True,)",gte,"""$context$0""",2,,,,,,finish,"(90100,)",,,,,,
VIP6头像,90101,11,"(90101,)",vipTrigger,,,,"(True,)",gte,"""$context$0""",6,,,,,,finish,"(90101,)",,,,,,
VIP12头像,90102,11,"(90102,)",vipTrigger,,,,"(True,)",gte,"""$context$0""",12,,,,,,finish,"(90102,)",,,,,,
周卡,100001,10,"(100001,)",zhoukaTrigger,,,,"(True,)",gte,"""$context$0""",1,,,,,,incVar,"(100001,)","""zhoukaNum""",1,,,,
月卡,100002,10,"(100002,)",yuekaTrigger,,,,"(True,)",gte,"""$context$0""",1,,,,,,incVar,"(100002,)","""yuekaNum""",1,,,,
通关1-3,200001,12,"(200001,)",gkCompleteTrigger,,,,"(True,)",eq,"""$context$0""",10002,,,,,,finish,"(200001,)",,,,,,
通关1-6,200002,12,"(200002,)",gkCompleteTrigger,,,,"(True,)",eq,"""$context$0""",10005,,,,,,finish,"(200002,)",,,,,,
通关2-3,200003,12,"(200003,)",gkCompleteTrigger,,,,"(True,)",eq,"""$context$0""",10012,,,,,,finish,"(200003,)",,,,,,
通关2-6,200004,12,"(200004,)",gkCompleteTrigger,,,,"(True,)",eq,"""$context$0""",10015,,,,,,finish,"(200004,)",,,,,,
通关2-7,200005,12,"(200005,)",gkCompleteTrigger,,,,"(True,)",eq,"""$context$0""",10016,,,,,,finish,"(200005,)",,,,,,
通关3-3,200006,12,"(200006,)",gkCompleteTrigger,,,,"(True,)",eq,"""$context$0""",10022,,,,,,finish,"(200006,)",,,,,,
通关3-6,200007,12,"(200007,)",gkCompleteTrigger,,,,"(True,)",eq,"""$context$0""",10025,,,,,,finish,"(200007,)",,,,,,
,,,,,,,,,,,,,,,,,,,,,,,,
,,,,,,,,,,,,,,,,,,,,,,,,
,,,,,,,,,,,,,,,,,,,,,,,,
,,,,,,,,,,,,,,,,,,,,,,,,
,,,,,,,,,,,,,,,,,,,,,,,,
,,,,,,,,,,,,,,,,,,,,,,,,
,,,,,,,,,,,,,,,,,,,,,,,,
,,,,,,,,,,,,,,,,,,,,,,,,
,,,,,,,,,,,,,,,,,,,,,,,,
,,,,,,,,,,,,,,,,,,,,,,,,
,,,,,,,,,,,,,,,,,,,,,,,,
,,,,,,,,,,,,,,,,,,,,,,,,
,,,,,,,,,,,,,,,,,,,,,,,,
,,,,,,,,,,,,,,,,,,,,,,,,
,,,,,,,,,,,,,,,,,,,,,,,,
