交互检查规则,,,,,,,,,,,,
导出规则,,,,,,,,,,,,
分类,基础信息,,,,,,,,,,,
表头,声音id,武将id,语音名称,语音名称描述,语音内容描述,好感度开放,,,,,,
关键字标识,Y,,,,,,,,,,,
唯一标识,Y,,,,,,,,,,,
非空标识,Y,,,,,,,,,,,
检查规则,,,,,,,,,,,,
变量名称,voiceid,roleid,voicename,voicenametxt,voicetxt,freelopen,,,,,,
变量类型,I,I,I,S,S,I,,,,,,
变量空间,cs,cs,cs,cs,cs,cs,,,,,,
,,,,,,,,,,,,
BEGIN,武将声音表,role_voice_data,,,,,,,,,,
,10001,40000,1,战斗开始,咕咕咕,0,,,,,,
,10002,40000,2,技能连携,咕咕咕,0,,,,,,
,10003,40000,3,普攻,咕咕咕,0,,,,,,
,10004,40000,4,大招,咕咕咕,0,,,,,,
,10005,40000,5,受击,咕咕咕,0,,,,,,
,10006,40000,6,重伤,咕咕咕,0,,,,,,
,10007,40000,7,战斗胜利,咕咕咕,0,,,,,,
,10008,40000,8,召唤,咕咕咕,0,,,,,,
,10009,40000,9,升级,咕咕咕,0,,,,,,
,10010,40000,10,升星,咕咕咕,0,,,,,,
,10011,40000,11,生日,咕咕咕,0,,,,,,
,10012,40000,12,进入家园,咕咕咕,0,,,,,,
,10013,40000,13,退出家园,咕咕咕,0,,,,,,
,10014,40000,14,看板1,咕咕咕,1,,,,,,
,10015,40000,15,看板2,咕咕咕,2,,,,,,
,10016,40000,16,看板3,咕咕咕,3,,,,,,
,10017,40000,17,看板4,咕咕咕,4,,,,,,
,10018,40000,18,看板5,咕咕咕,5,,,,,,
,10019,40000,19,看板6,咕咕咕,4,,,,,,
,10020,40000,20,看板7,咕咕咕,5,,,,,,
,10101,40001,1,战斗开始,遵循轨迹，就这样进行下去吧！,0,,,,,,
,10102,40001,2,登录,是星星又把你带了回来……？真是意外之中的出现呢。,0,,,,,,
,10103,40001,3,大招,黯淡吧！,0,,,,,,
,10104,40001,4,受击,……唔……,0,,,,,,
,10105,40001,5,重伤,我的星宿，早已坠落。,0,,,,,,
,10106,40001,6,战斗胜利,这一切，都是宿命的抉择。,0,,,,,,
,10107,40001,7,召唤,三方四御，五星七曜，二十八宿循环复始。周天星辰变幻莫测，你我之星宿能够再次相遇，是不是一件很神奇的事情？,0,,,,,,
,10108,40001,8,升星,前路，有星宿为伴。,0,,,,,,
,10109,40001,9,好感LV1,本座来到你的身边，是星宿的指引。,0,,,,,,
,10110,40001,10,好感LV2,你的星星明亮而强大。,0,,,,,,
,10111,40001,11,好感LV3,人之善恶，与本座又有何干？不过一群傀儡罢了。,0,,,,,,
,10112,40001,12,好感LV4,你知道吗……你的眼睛里……星光灿烂。,0,,,,,,
,10113,40001,13,好感LV5,我年幼之时，就能听见许多不可听之声，见不可见之物……由此我于观星台独居数十年，不曾踏出一步……现在想来，这些可能都是为了遇见你吧……,0,,,,,,
,10114,40001,14,看板1,……真是无趣。,1,,,,,,
,10115,40001,15,看板2,溺死在缥缈的星之海中吧……,2,,,,,,
,10116,40001,16,看板3,紫微星，黯淡了呢……,3,,,,,,
,10117,40001,17,羁绊1,那颗星星……我就算是倾尽一切，也不会让他陨落。,4,,,,,,
,10118,40001,18,羁绊2,过去的时光总是令人怀念。,5,,,,,,
,10119,40001,19,送花1,这是何物？……礼物？不需要。……你！……本座收下便是。,4,,,,,,
,10120,40001,20,送花2,我看见了星星的轨迹……,5,,,,,,
,10201,40002,1,战斗开始,咕咕咕,0,,,,,,
,10202,40002,2,技能连携,咕咕咕,0,,,,,,
,10203,40002,3,普攻,咕咕咕,0,,,,,,
,10204,40002,4,大招,咕咕咕,0,,,,,,
,10205,40002,5,受击,咕咕咕,0,,,,,,
,10206,40002,6,重伤,咕咕咕,0,,,,,,
,10207,40002,7,战斗胜利,咕咕咕,0,,,,,,
,10208,40002,8,召唤,咕咕咕,0,,,,,,
,10209,40002,9,升级,咕咕咕,0,,,,,,
,10210,40002,10,升星,咕咕咕,0,,,,,,
,10211,40002,11,生日,咕咕咕,0,,,,,,
,10212,40002,12,进入家园,咕咕咕,0,,,,,,
,10213,40002,13,退出家园,咕咕咕,0,,,,,,
,10214,40002,14,看板1,咕咕咕,1,,,,,,
,10215,40002,15,看板2,咕咕咕,2,,,,,,
,10216,40002,16,看板3,咕咕咕,3,,,,,,
,10217,40002,17,看板4,咕咕咕,4,,,,,,
,10218,40002,18,看板5,咕咕咕,5,,,,,,
,10219,40002,19,看板6,咕咕咕,4,,,,,,
,10220,40002,20,看板7,咕咕咕,5,,,,,,
,10301,40003,1,战斗开始,咕咕咕,0,,,,,,
,10302,40003,2,技能连携,咕咕咕,0,,,,,,
,10303,40003,3,普攻,咕咕咕,0,,,,,,
,10304,40003,4,大招,咕咕咕,0,,,,,,
,10305,40003,5,受击,咕咕咕,0,,,,,,
,10306,40003,6,重伤,咕咕咕,0,,,,,,
,10307,40003,7,战斗胜利,咕咕咕,0,,,,,,
,10308,40003,8,召唤,咕咕咕,0,,,,,,
,10309,40003,9,升级,咕咕咕,0,,,,,,
,10310,40003,10,升星,咕咕咕,0,,,,,,
,10311,40003,11,生日,咕咕咕,0,,,,,,
,10312,40003,12,进入家园,咕咕咕,0,,,,,,
,10313,40003,13,退出家园,咕咕咕,0,,,,,,
,10314,40003,14,看板1,咕咕咕,1,,,,,,
,10315,40003,15,看板2,咕咕咕,2,,,,,,
,10316,40003,16,看板3,咕咕咕,3,,,,,,
,10317,40003,17,看板4,咕咕咕,4,,,,,,
,10318,40003,18,看板5,咕咕咕,5,,,,,,
,10319,40003,19,看板6,咕咕咕,4,,,,,,
,10320,40003,20,看板7,咕咕咕,5,,,,,,
,10401,40004,1,战斗开始,咕咕咕,0,,,,,,
,10402,40004,2,技能连携,咕咕咕,0,,,,,,
,10403,40004,3,普攻,咕咕咕,0,,,,,,
,10404,40004,4,大招,咕咕咕,0,,,,,,
,10405,40004,5,受击,咕咕咕,0,,,,,,
,10406,40004,6,重伤,咕咕咕,0,,,,,,
,10407,40004,7,战斗胜利,咕咕咕,0,,,,,,
,10408,40004,8,召唤,咕咕咕,0,,,,,,
,10409,40004,9,升级,咕咕咕,0,,,,,,
,10410,40004,10,升星,咕咕咕,0,,,,,,
,10411,40004,11,生日,咕咕咕,0,,,,,,
,10412,40004,12,进入家园,咕咕咕,0,,,,,,
,10413,40004,13,退出家园,咕咕咕,0,,,,,,
,10414,40004,14,看板1,咕咕咕,1,,,,,,
,10415,40004,15,看板2,咕咕咕,2,,,,,,
,10416,40004,16,看板3,咕咕咕,3,,,,,,
,10417,40004,17,看板4,咕咕咕,4,,,,,,
,10418,40004,18,看板5,咕咕咕,5,,,,,,
,10419,40004,19,看板6,咕咕咕,4,,,,,,
,10420,40004,20,看板7,咕咕咕,5,,,,,,
,10501,40005,1,战斗开始,咕咕咕,0,,,,,,
,10502,40005,2,技能连携,咕咕咕,0,,,,,,
,10503,40005,3,普攻,咕咕咕,0,,,,,,
,10504,40005,4,大招,咕咕咕,0,,,,,,
,10505,40005,5,受击,咕咕咕,0,,,,,,
,10506,40005,6,重伤,咕咕咕,0,,,,,,
,10507,40005,7,战斗胜利,咕咕咕,0,,,,,,
,10508,40005,8,召唤,咕咕咕,0,,,,,,
,10509,40005,9,升级,咕咕咕,0,,,,,,
,10510,40005,10,升星,咕咕咕,0,,,,,,
,10511,40005,11,生日,咕咕咕,0,,,,,,
,10512,40005,12,进入家园,咕咕咕,0,,,,,,
,10513,40005,13,退出家园,咕咕咕,0,,,,,,
,10514,40005,14,看板1,咕咕咕,1,,,,,,
,10515,40005,15,看板2,咕咕咕,2,,,,,,
,10516,40005,16,看板3,咕咕咕,3,,,,,,
,10517,40005,17,看板4,咕咕咕,4,,,,,,
,10518,40005,18,看板5,咕咕咕,5,,,,,,
,10519,40005,19,看板6,咕咕咕,4,,,,,,
,10520,40005,20,看板7,咕咕咕,5,,,,,,
,10601,40006,1,战斗开始,用你的生命――表演吧！,,,,,,,
,10602,40006,2,登录,想体验一下放肆快意的滋味吗？,,,,,,,
,10603,40006,3,大招,臣服于我！,,,,,,,
,10604,40006,4,受击,……唔……,,,,,,,
,10605,40006,5,重伤,……哼，无稽之谈……,,,,,,,
,10606,40006,6,战斗胜利,来，跪倒在我的脚下吧！,,,,,,,
,10607,40006,7,召唤,我携万千荣耀而来，绝不接受任何失败，你……明白了吗？,,,,,,,
,10608,40006,8,升星,我！喜欢这个！你懂？,,,,,,,
,10609,40006,9,好感LV1,如你这般的人在电视剧里怕是活不过两个时辰！,,,,,,,
,10610,40006,10,好感LV2,养在暖房中的花，如果不仔细呵护，是很容易就会一命呜呼的……,,,,,,,
,10611,40006,11,好感LV3,我曾经有两株花，那么小，那么弱……不过还好他们都活下来了……,,,,,,,
,10612,40006,12,好感LV4,看上什么了？说吧……不管是什么，我都替你取来便是。,,,,,,,
,10613,40006,13,好感LV5,你已无需分享我的荣耀，你就是我的荣耀……,,,,,,,
,10614,40006,14,看板1,你总是盯着我看做什么？我有这么好看么？,,,,,,,
,10615,40006,15,看板2,美貌是女人最大的财富以及灾难。,,,,,,,
,10616,40006,16,看板3,你要是敢踩到我的裙摆，就把你拉下去杖毙哦……我说、到、做、到！,,,,,,,
,10617,40006,17,羁绊1,又娇贵又养尊处优的花最难养了。,,,,,,,
,10618,40006,18,羁绊2,到底是圈着它还是放着它长，全看我心意……你说呢，我到底如何是好？,,,,,,,
,10619,40006,19,送花1,哎呦呦，这回都不是花言巧语，直接送花了？我喜欢聪明人。,,,,,,,
,10620,40006,20,送花2,拿开拿开，这等凡花俗草的怎么配得上我的美貌！,,,,,,,
,10701,40007,1,战斗开始,咕咕咕,0,,,,,,
,10702,40007,2,技能连携,咕咕咕,0,,,,,,
,10703,40007,3,普攻,咕咕咕,0,,,,,,
,10704,40007,4,大招,咕咕咕,0,,,,,,
,10705,40007,5,受击,咕咕咕,0,,,,,,
,10706,40007,6,重伤,咕咕咕,0,,,,,,
,10707,40007,7,战斗胜利,咕咕咕,0,,,,,,
,10708,40007,8,召唤,咕咕咕,0,,,,,,
,10709,40007,9,升级,咕咕咕,0,,,,,,
,10710,40007,10,升星,咕咕咕,0,,,,,,
,10711,40007,11,生日,咕咕咕,0,,,,,,
,10712,40007,12,进入家园,咕咕咕,0,,,,,,
,10713,40007,13,退出家园,咕咕咕,0,,,,,,
,10714,40007,14,看板1,咕咕咕,1,,,,,,
,10715,40007,15,看板2,咕咕咕,2,,,,,,
,10716,40007,16,看板3,咕咕咕,3,,,,,,
,10717,40007,17,看板4,咕咕咕,4,,,,,,
,10718,40007,18,看板5,咕咕咕,5,,,,,,
,10719,40007,19,看板6,咕咕咕,4,,,,,,
,10720,40007,20,看板7,咕咕咕,5,,,,,,
,10801,40008,1,战斗开始,请退到我身后，让我来保护您。,0,,,,,,
,10802,40008,2,登录,……您回来了？您不在的时间总是过得格外的漫长呢……,0,,,,,,
,10803,40008,3,大招,剑分阴阳，光影相承！,0,,,,,,
,10804,40008,4,受击,……呜……,0,,,,,,
,10805,40008,5,重伤,剑……折断了……,0,,,,,,
,10806,40008,6,战斗胜利,将胜利的果实奉献于您的面前。,0,,,,,,
,10807,40008,7,召唤,曾经的约定，您终于想要来实现了吗？,1,,,,,,
,10808,40008,8,升星,有暖流缓缓地流淌过我的身体呢……,2,,,,,,
,10809,40008,9,好感LV1,不负所愿。,3,,,,,,
,10810,40008,10,好感LV2,江湖？我曾去过。,4,,,,,,
,10811,40008,11,好感LV3,想要听我说故事吗？,5,,,,,,
,10812,40008,12,好感LV4,如果可以的话，我可以跟您一起喝酒吗？,0,,,,,,
,10813,40008,13,好感LV5,山有木兮木有枝，心悦君兮君不知……,0,,,,,,
,10814,40008,14,看板1,……如果是您的命令的话……,0,,,,,,
,10815,40008,15,看板2,喜欢什么？没有什么特别喜欢的，如果非要说，那就是酒……吧？,0,,,,,,
,10816,40008,16,看板3,……别乱动……有些痒……,0,,,,,,
,10817,40008,17,羁绊1,……喝酒误事……,6,,,,,,
,10818,40008,18,羁绊2,不知老友现在何方？……定然是逍遥快活得很……,6,,,,,,
,10819,40008,19,送花1,呃……是送给我的吗？多谢您，我很喜欢。,0,,,,,,
,10820,40008,20,送花2,这片心意……我收到了……,0,,,,,,
,10901,40009,1,战斗开始,我，不想听到你的声音……,0,,,,,,
,10902,40009,2,登录,流淌在您心中的旋律，一如天籁般美妙哦。,0,,,,,,
,10903,40009,3,大招,请不要发出这种声音。,0,,,,,,
,10904,40009,4,受击,呜！,0,,,,,,
,10905,40009,5,重伤,弦……断了……,0,,,,,,
,10906,40009,6,战斗胜利,糟糕的一曲结束了。,0,,,,,,
,10907,40009,7,召唤,这是您遗失之物吗？还请小心保管，它看上去十分珍贵。,0,,,,,,
,10908,40009,8,升星,每个人心中都有一首曲子。每首各不相同。,0,,,,,,
,10909,40009,9,好感LV1,您有喜欢的曲子吗？曼曼可以弹给您听。,0,,,,,,
,10910,40009,10,好感LV2,每个人心中都有一首曲子。每首各不相同。,0,,,,,,
,10911,40009,11,好感LV3,流淌在您身边的旋律，我很喜欢哦。,0,,,,,,
,10912,40009,12,好感LV4,我听到了您的心音，您呢？,0,,,,,,
,10913,40009,13,好感LV5,即使您在人群之中，曼曼也能一眼发现您。呃，您问为什么？呵呵，这自然是您的声音，很特别哦。,0,,,,,,
,10914,40009,14,看板1,请不要觉得曼曼柔弱。其实……我也是很厉害的哦？,1,,,,,,
,10915,40009,15,看板2,将琴代语兮，聊、聊写……您可还记得后面？呀，不记得了么……,2,,,,,,
,10916,40009,16,看板3,要出门吗？咦，想带曼曼一起？好呀，我很愿意与您一同出游呢。,3,,,,,,
,10917,40009,17,羁绊1,我小时候，曾得过一场重病，是师父救了我。他踪迹飘忽，也不知人可还安好……,4,,,,,,
,10918,40009,18,羁绊2,我小时候，曾得过一场重病，是师父救了我。他踪迹飘忽，也不知人可还安好……,5,,,,,,
,10919,40009,19,送花1,这花，是送我的？呀，既然如此，曼曼便为您弹一首古曲吧。,4,,,,,,
,10920,40009,20,送花2,我很喜欢忍冬。不是因为外观，而是因为它们坚韧的生命。,5,,,,,,
,11001,40010,1,战斗开始,你的死期到了。,0,,,,,,
,11002,40010,2,登录,……哦？你还知道回来？,0,,,,,,
,11003,40010,3,大招,让你尝尝死亡的滋味儿！,0,,,,,,
,11004,40010,4,受击,……呜……,0,,,,,,
,11005,40010,5,重伤,就这样到此为止了……吗？,0,,,,,,
,11006,40010,6,战斗胜利,啧，一群废物。,0,,,,,,
,11007,40010,7,召唤,选择我……是你的人生到此为止最大的正确的决定。,0,,,,,,
,11008,40010,8,升星,这样的东西，为何不早早双手奉上？！,0,,,,,,
,11009,40010,9,好感LV1,本王不与你这种人说话,0,,,,,,
,11010,40010,10,好感LV2,……哼……眼光不错。,0,,,,,,
,11011,40010,11,好感LV3,年年岁岁花相似，岁岁年年人不同。,0,,,,,,
,11012,40010,12,好感LV4,虽然你是个无用之人，但是本王也勉强承认你了。,0,,,,,,
,11013,40010,13,好感LV5,光阴短暂，还需及时行欢。过来，与本王共饮此杯！,0,,,,,,
,11014,40010,14,看板1,把你肮脏的手拿开。,1,,,,,,
,11015,40010,15,看板2,啧，找我有什么事？,2,,,,,,
,11016,40010,16,看板3,你……很开心吗？……唔……本王也是。,3,,,,,,
,11017,40010,17,羁绊1,从小到大都在等待一个人死亡的感觉……你知道吗？,4,,,,,,
,11018,40010,18,羁绊2,有些东西，该是我的，就是我的，不需要如此算计。,5,,,,,,
,11019,40010,19,送花1,……哼……还算可以。,4,,,,,,
,11020,40010,20,送花2,年年岁岁花相似……你……还会给我送花吗？,5,,,,,,
,11101,40011,1,战斗开始,咕咕咕,0,,,,,,
,11102,40011,2,技能连携,咕咕咕,0,,,,,,
,11103,40011,3,普攻,咕咕咕,0,,,,,,
,11104,40011,4,大招,咕咕咕,0,,,,,,
,11105,40011,5,受击,咕咕咕,0,,,,,,
,11106,40011,6,重伤,咕咕咕,0,,,,,,
,11107,40011,7,战斗胜利,咕咕咕,0,,,,,,
,11108,40011,8,召唤,咕咕咕,0,,,,,,
,11109,40011,9,升级,咕咕咕,0,,,,,,
,11110,40011,10,升星,咕咕咕,0,,,,,,
,11111,40011,11,生日,咕咕咕,0,,,,,,
,11112,40011,12,进入家园,咕咕咕,0,,,,,,
,11113,40011,13,退出家园,咕咕咕,0,,,,,,
,11114,40011,14,看板1,咕咕咕,1,,,,,,
,11115,40011,15,看板2,咕咕咕,2,,,,,,
,11116,40011,16,看板3,咕咕咕,3,,,,,,
,11117,40011,17,看板4,咕咕咕,4,,,,,,
,11118,40011,18,看板5,咕咕咕,5,,,,,,
,11119,40011,19,看板6,咕咕咕,4,,,,,,
,11120,40011,20,看板7,咕咕咕,5,,,,,,
,11201,40012,1,战斗开始,来人，将这放肆的家伙拖下去杖毙！,,,,,,,
,11202,40012,2,登录,这江湖……难道是你想来就来，想走便走之地？,,,,,,,
,11203,40012,3,大招,茕茕白兔，东走西顾。,,,,,,,
,11204,40012,4,受击,……啊……,,,,,,,
,11205,40012,5,重伤,我不需何人来怜惜……,,,,,,,
,11206,40012,6,战斗胜利,哼，有什么可值得庆祝的？,,,,,,,
,11207,40012,7,召唤,茕茕白兔，东走西顾。衣不如新，人不如故。,,,,,,,
,11208,40012,8,升星,此物甚佳！赏！,,,,,,,
,11209,40012,9,好感LV1,在这江湖之中，需得步步谨慎才是。,,,,,,,
,11210,40012,10,好感LV2,不曾欠过谁，也不曾被谁欠过……你问为什么？欠我的，我都讨回来了呀！,,,,,,,
,11211,40012,11,好感LV3,你听话些，我总能护着你。,,,,,,,
,11212,40012,12,好感LV4,……真是上辈子欠了你这冤家！,,,,,,,
,11213,40012,13,好感LV5,不知为何，每次见到你，总是能让我想起曾经的日子……湛蓝的天空，院子里的牡丹开得正好，连空气都是甜丝丝的，我正为了那一季送来的衣裳的颜色不合心意闹脾气……现在想想……呵呵……,,,,,,,
,11214,40012,14,看板1,我的仪容可有什么不整之处？,,,,,,,
,11215,40012,15,看板2,过来！为我梳妆。,,,,,,,
,11216,40012,16,看板3,美貌是一个女人最天然的武器，哪怕再不喜欢，也得妆点一二。,,,,,,,
,11217,40012,17,羁绊1,那一日，他携夜露风霜而来……,,,,,,,
,11218,40012,18,羁绊2,周天星辰，当真有如此迷人？,,,,,,,
,11219,40012,19,送花1,这花我收下了。,,,,,,,
,11220,40012,20,送花2,下次记得，要送牡丹……我最喜欢的就是牡丹……,,,,,,,
,11301,40013,1,战斗开始,如梦境般消失吧！,0,,,,,,
,11302,40013,2,登录,式微，式微，胡不归？,0,,,,,,
,11303,40013,3,大招,人心易变，佳期如梦。,0,,,,,,
,11304,40013,4,受击,……唔……,0,,,,,,
,11305,40013,5,重伤,……该睡了……,0,,,,,,
,11306,40013,6,战斗胜利,这不是理所当然的事情吗？,0,,,,,,
,11307,40013,7,召唤,这大概是意料之中的事情吧……,0,,,,,,
,11308,40013,8,升星,虽然不知道这是什么……妾身很喜欢……,0,,,,,,
,11309,40013,9,好感LV1,这世上没有什么是不会变的，妾身也会……,0,,,,,,
,11310,40013,10,好感LV2,虽然不知你在做些什么，但是妾身却不讨厌呢。,0,,,,,,
,11311,40013,11,好感LV3,你这人……真有趣……呵呵……,0,,,,,,
,11312,40013,12,好感LV4,我有一曲，想奏与你听……你可愿意听一听？,0,,,,,,
,11313,40013,13,好感LV5,这世上没有什么是不会变的，你会，我也会……我却愿意再相信你一次……答应我，永远不会离开我，好吗？,0,,,,,,
,11314,40013,14,看板1,阳光，空气，水……还有你……,1,,,,,,
,11315,40013,15,看板2,妾身也想到处去看看呢。,2,,,,,,
,11316,40013,16,看板3,妾身的嫁衣，绣了三年，等了三年，最终……也没有用上……,3,,,,,,
,11317,40013,17,羁绊1,那是一朵被呵护在掌中的花，与妾身这般的杂草是完全不同的存在呢……,4,,,,,,
,11318,40013,18,羁绊2,妾身新编了一曲，不知何时才有机会奏与她听……,5,,,,,,
,11319,40013,19,送花1,妾身……很喜欢花……,4,,,,,,
,11320,40013,20,送花2,这是在梦中么……,5,,,,,,
,11401,40014,1,战斗开始,让我看看你的能耐！,0,,,,,,
,11402,40014,2,登录,我听见你的脚步声了……,0,,,,,,
,11403,40014,3,大招,横扫千军！战无不胜！,0,,,,,,
,11404,40014,4,受击,……唔……,0,,,,,,
,11405,40014,5,重伤,……大意了……,0,,,,,,
,11406,40014,6,战斗胜利,哼！不自量力！,0,,,,,,
,11407,40014,7,召唤,人心软弱，故易生鬼魅。,0,,,,,,
,11408,40014,8,升星,这是什么……？我的心境……动摇了？,0,,,,,,
,11409,40014,9,好感LV1,别闹，如你这般的身体，安心读书便是！,0,,,,,,
,11410,40014,10,好感LV2,若是遇到打打杀杀，你便后退躲好，唤我就是！,0,,,,,,
,11411,40014,11,好感LV3,你……罢了！你若是真想习武，我便为你调理一二。,0,,,,,,
,11412,40014,12,好感LV4,怎么又胡闹了？无论何事都贵在坚持，总不好半途而废。,0,,,,,,
,11413,40014,13,好感LV5,也罢……总之我一直在你身边，你想如何，便如何吧……,0,,,,,,
,11414,40014,14,看板1,习武者，冬练三九，夏练三伏，持之以恒，方能大成。,1,,,,,,
,11415,40014,15,看板2,软弱者无事可成。,2,,,,,,
,11416,40014,16,看板3,……我向来警惕，即便是睡眠也不会让兵器离身。你若是寻我，切不可太过靠近。,3,,,,,,
,11417,40014,17,羁绊1,真是令人操心……,4,,,,,,
,11418,40014,18,羁绊2,总算是也能独当一面了……,5,,,,,,
,11419,40014,19,送花1,何事？……送我的？,4,,,,,,
,11420,40014,20,送花2,这东西太过软和易碎，我拿着怕我弄坏了它。,5,,,,,,
,11501,40015,1,战斗开始,女人心，海底针。,,,,,,,
,11502,40015,2,登录,哎呦呦，让我看看这是谁？终于舍得回来了？,,,,,,,
,11503,40015,3,大招,敲得你震耳欲聋！,,,,,,,
,11504,40015,4,受击,……唔……,,,,,,,
,11505,40015,5,重伤,……一个……不小心……,,,,,,,
,11506,40015,6,战斗胜利,总算是听话了呢……,,,,,,,
,11507,40015,7,召唤,聪明的女人学会掠夺，而不是祈求。,,,,,,,
,11508,40015,8,升星,这天下的好东西唯有我有资格享受……,,,,,,,
,11509,40015,9,好感LV1,美貌？我当然是美的……,,,,,,,
,11510,40015,10,好感LV2,可是自从入了这江湖后，我才知道这美貌，是最有用也是最无用的东西……,,,,,,,
,11511,40015,11,好感LV3,与你在一起，我只想说些开心的事情。,,,,,,,
,11512,40015,12,好感LV4,想让我为你作画？我已经许久不拾笔了，若是画的不好，你不能笑我。,,,,,,,
,11513,40015,13,好感LV5,有你……就够了……,,,,,,,
,11514,40015,14,看板1,期望越大，失望越大。,,,,,,,
,11515,40015,15,看板2,美貌无所不能，却又无所能。,,,,,,,
,11516,40015,16,看板3,朝飞暮卷，云霞翠轩，雨丝风片，烟波画船……,,,,,,,
,11517,40015,17,羁绊1,若说我这一生有什么值得称道的，便是他了吧……,,,,,,,
,11518,40015,18,羁绊2,当拥有他时，我发誓要将一切美好都放于他的眼前，只是……,,,,,,,
,11519,40015,19,送花1,你的心意我收到了。,,,,,,,
,11520,40015,20,送花2,不错，很是美艳的小东西……,,,,,,,
,11601,40016,1,战斗开始,我很锋利哦……小心伤了你。,0,,,,,,
,11602,40016,2,登录,带了什么下酒菜？我瞅瞅……八宝鸭子酒鬼花生……不错嘛！,0,,,,,,
,11603,40016,3,大招,长风破晓，醉酒当歌！,0,,,,,,
,11604,40016,4,受击,……唔……,0,,,,,,
,11605,40016,5,重伤,……真希望能……再和你去……喝一回酒……,0,,,,,,
,11606,40016,6,战斗胜利,干得漂亮！,0,,,,,,
,11607,40016,7,召唤,你是来找我喝酒的吗？,0,,,,,,
,11608,40016,8,升星,唔，这是什么？哎哎哎，别动别动！让我好好体会一下！,0,,,,,,
,11609,40016,9,好感LV1,喝酒真是个快活事情。,0,,,,,,
,11610,40016,10,好感LV2,我以前的事情？你想知道吗？以后我告诉你呀……,0,,,,,,
,11611,40016,11,好感LV3,……嗝……你……不错！……兄弟！……喝！,0,,,,,,
,11612,40016,12,好感LV4,你知道吗，当一个人想喝醉的时候，往往是不会醉的。,0,,,,,,
,11613,40016,13,好感LV5,虽然不曾尝过醉仙酒的滋味儿，不过我想……大概就是你的样子吧……,0,,,,,,
,11614,40016,14,看板1,都说葡萄美酒夜光杯……葡萄美酒是个什么滋味儿？,1,,,,,,
,11615,40016,15,看板2,这是西域来的好酒！来尝尝？……哈哈，放心不会灌醉你的。,2,,,,,,
,11616,40016,16,看板3,别碰我的剑！小心弄伤自己。,3,,,,,,
,11617,40016,17,羁绊1,人总是会羡慕一些和自己与众不同的人的……哎我吗？当然也有啊……,4,,,,,,
,11618,40016,18,羁绊2,那是我最美的梦境……,5,,,,,,
,11619,40016,19,送花1,唔这个给我？谢谢你啦！,4,,,,,,
,11620,40016,20,送花2,这是什么？……花？我就收下啦！下次带你去西域，那里的花才好玩呢！,5,,,,,,
,11701,40017,1,战斗开始,做好轮回往生的觉悟了么？,0,,,,,,
,11702,40017,2,登录,人生短暂，岁月无情。还请珍惜眼下时光。,0,,,,,,
,11703,40017,3,大招,道生一，而生二三，再生万物。,0,,,,,,
,11704,40017,4,受击,呜！,0,,,,,,
,11705,40017,5,重伤,我……怎可倒在……这种地方！,0,,,,,,
,11706,40017,6,战斗胜利,世人多愚昧，不明其理。欲言教于人，乃应先律己。,0,,,,,,
,11707,40017,7,召唤,你需要我？我的名声很差哦，就算这样，你也确定要我帮忙吗？,0,,,,,,
,11708,40017,8,升星,这样倒也不错。,0,,,,,,
,11709,40017,9,好感LV1,别碰我。,0,,,,,,
,11710,40017,10,好感LV2,你这家伙，倒也不坏。与那些愚昧世人不大相同。,0,,,,,,
,11711,40017,11,好感LV3,你，可以稍微靠近一些……,0,,,,,,
,11712,40017,12,好感LV4,怎么这样看我，与我同处一室让你觉得很不安么？呃，你问我？我，很高兴……,0,,,,,,
,11713,40017,13,好感LV5,既然你如此重情，那我也该有所回报才是。真是怕了你这呆子了……,0,,,,,,
,11714,40017,14,看板1,只羡蜉蝣，虽朝生暮死，却也尽得其乐。,1,,,,,,
,11715,40017,15,看板2,月满则亏，物极必衰，此乃人世之常。由此引出的悲欢离合，你也莫要为之太过忧伤。,2,,,,,,
,11716,40017,16,看板3,瞧我做什么？莫不是最近糟了难，想让我给你驱驱邪？,3,,,,,,
,11717,40017,17,羁绊1,拉开的弓无法收起，出鞘的剑也无法回头。过去的事情，永远也只能是过去了。,4,,,,,,
,11718,40017,18,羁绊2,拉开的弓无法收起，出鞘的剑也无法回头。过去的事情，永远也只能是过去了。,5,,,,,,
,11719,40017,19,送花1,花儿虽美，却太过脆弱。我不喜。,4,,,,,,
,11720,40017,20,送花2,你为何如此执着……真是奇妙，我已经好久未曾体会到心动的味道了……,5,,,,,,
,11801,40018,1,战斗开始,咕咕咕,0,,,,,,
,11802,40018,2,技能连携,咕咕咕,0,,,,,,
,11803,40018,3,普攻,咕咕咕,0,,,,,,
,11804,40018,4,大招,咕咕咕,0,,,,,,
,11805,40018,5,受击,咕咕咕,0,,,,,,
,11806,40018,6,重伤,咕咕咕,0,,,,,,
,11807,40018,7,战斗胜利,咕咕咕,0,,,,,,
,11808,40018,8,召唤,咕咕咕,0,,,,,,
,11809,40018,9,升级,咕咕咕,0,,,,,,
,11810,40018,10,升星,咕咕咕,0,,,,,,
,11811,40018,11,生日,咕咕咕,0,,,,,,
,11812,40018,12,进入家园,咕咕咕,0,,,,,,
,11813,40018,13,退出家园,咕咕咕,0,,,,,,
,11814,40018,14,看板1,咕咕咕,1,,,,,,
,11815,40018,15,看板2,咕咕咕,2,,,,,,
,11816,40018,16,看板3,咕咕咕,3,,,,,,
,11817,40018,17,看板4,咕咕咕,4,,,,,,
,11818,40018,18,看板5,咕咕咕,5,,,,,,
,11819,40018,19,看板6,咕咕咕,4,,,,,,
,11820,40018,20,看板7,咕咕咕,5,,,,,,
,11901,40019,1,战斗开始,咕咕咕,0,,,,,,
,11902,40019,2,技能连携,咕咕咕,0,,,,,,
,11903,40019,3,普攻,咕咕咕,0,,,,,,
,11904,40019,4,大招,咕咕咕,0,,,,,,
,11905,40019,5,受击,咕咕咕,0,,,,,,
,11906,40019,6,重伤,咕咕咕,0,,,,,,
,11907,40019,7,战斗胜利,咕咕咕,0,,,,,,
,11908,40019,8,召唤,咕咕咕,0,,,,,,
,11909,40019,9,升级,咕咕咕,0,,,,,,
,11910,40019,10,升星,咕咕咕,0,,,,,,
,11911,40019,11,生日,咕咕咕,0,,,,,,
,11912,40019,12,进入家园,咕咕咕,0,,,,,,
,11913,40019,13,退出家园,咕咕咕,0,,,,,,
,11914,40019,14,看板1,咕咕咕,1,,,,,,
,11915,40019,15,看板2,咕咕咕,2,,,,,,
,11916,40019,16,看板3,咕咕咕,3,,,,,,
,11917,40019,17,看板4,咕咕咕,4,,,,,,
,11918,40019,18,看板5,咕咕咕,5,,,,,,
,11919,40019,19,看板6,咕咕咕,4,,,,,,
,11920,40019,20,看板7,咕咕咕,5,,,,,,
,12001,40020,1,战斗开始,咕咕咕,0,,,,,,
,12002,40020,2,技能连携,咕咕咕,0,,,,,,
,12003,40020,3,普攻,咕咕咕,0,,,,,,
,12004,40020,4,大招,咕咕咕,0,,,,,,
,12005,40020,5,受击,咕咕咕,0,,,,,,
,12006,40020,6,重伤,咕咕咕,0,,,,,,
,12007,40020,7,战斗胜利,咕咕咕,0,,,,,,
,12008,40020,8,召唤,咕咕咕,0,,,,,,
,12009,40020,9,升级,咕咕咕,0,,,,,,
,12010,40020,10,升星,咕咕咕,0,,,,,,
,12011,40020,11,生日,咕咕咕,0,,,,,,
,12012,40020,12,进入家园,咕咕咕,0,,,,,,
,12013,40020,13,退出家园,咕咕咕,0,,,,,,
,12014,40020,14,看板1,咕咕咕,1,,,,,,
,12015,40020,15,看板2,咕咕咕,2,,,,,,
,12016,40020,16,看板3,咕咕咕,3,,,,,,
,12017,40020,17,看板4,咕咕咕,4,,,,,,
,12018,40020,18,看板5,咕咕咕,5,,,,,,
,12019,40020,19,看板6,咕咕咕,4,,,,,,
,12020,40020,20,看板7,咕咕咕,5,,,,,,
,12101,40021,1,战斗开始,哇――青湖好激动！,0,,,,,,
,12102,40021,2,登录,您总是在青湖意料之外出现呢！,0,,,,,,
,12103,40021,3,大招,看我的糖葫芦攻击！,0,,,,,,
,12104,40021,4,受击,……呜呜……,0,,,,,,
,12105,40021,5,重伤,……好疼……,0,,,,,,
,12106,40021,6,战斗胜利,打赢了哈哈――,0,,,,,,
,12107,40021,7,召唤,糖葫芦有吗？糖炒栗子有吗？……都没有？……算了算了，谁让青湖喜欢你呢！,1,,,,,,
,12108,40021,8,升星,咦――是好吃的东西吗？,2,,,,,,
,12109,40021,9,好感LV1,唔……青湖天下第五喜欢你！前面……糖炒栗子，糖葫芦，海棠糕，云湖小点，八宝鸭……哎不对，这是天下第六喜欢你！,3,,,,,,
,12110,40021,10,好感LV2,青湖天下第五喜欢你！……把云湖小点去掉好了……,4,,,,,,
,12111,40021,11,好感LV3,青湖天下第四喜欢你！……糖炒栗子勉强排你后面好了……,5,,,,,,
,12112,40021,12,好感LV4,青湖天下第三喜欢你！这个海棠糕给你吃！,0,,,,,,
,12113,40021,13,好感LV5,青湖天下第二……哎？哎？好吧好吧！青湖最最最最喜欢你了！――天下第一的喜欢你！,0,,,,,,
,12114,40021,14,看板1,糖炒栗子八宝鸭，云湖小点杏花糕，烤鸭烤翅烤鸡腿，青湖到底选哪个比较好呢……,0,,,,,,
,12115,40021,15,看板2,我想吃肉！,0,,,,,,
,12116,40021,16,看板3,翻――滚――,0,,,,,,
,12117,40021,17,羁绊1,为什么总说青湖傻傻的呢？小姐明明夸青湖是最聪明的！,6,,,,,,
,12118,40021,18,羁绊2,思君如满月，夜夜减清辉……是什么意思呀？青湖才不会吃不下呢！,6,,,,,,
,12119,40021,19,送花1,好看的花花！是送给我的吗？,0,,,,,,
,12120,40021,20,送花2,好棒！青湖最喜欢你了！,0,,,,,,
,12201,40022,1,战斗开始,享受鲜血，享受战斗，享受人生！,0,,,,,,
,12202,40022,2,登录,准备好奔赴战场了吗？,0,,,,,,
,12203,40022,3,大招,哈哈哈哈哈哈――,0,,,,,,
,12204,40022,4,受击,……哼……,0,,,,,,
,12205,40022,5,重伤,就算如此，也绝不后悔。,0,,,,,,
,12206,40022,6,战斗胜利,哼！挑衅我的下场！,0,,,,,,
,12207,40022,7,召唤,就是你要我当你的手下？先来比划比划！,0,,,,,,
,12208,40022,8,升星,哎呦，感觉不错哦。,0,,,,,,
,12209,40022,9,好感LV1,少碍事！,0,,,,,,
,12210,40022,10,好感LV2,你待在此处，不要走动。,0,,,,,,
,12211,40022,11,好感LV3,虽然看起来很弱，但还算有些本事。,0,,,,,,
,12212,40022,12,好感LV4,走，战鼓擂起，上战场的时间到了！,0,,,,,,
,12213,40022,13,好感LV5,我们战场上，可不讲究什么情义……少废话，我的背后就交给你了！,0,,,,,,
,12214,40022,14,看板1,伸什么爪子？老子血糊糊的你摸着不觉得脏吗？,1,,,,,,
,12215,40022,15,看板2,享受战争的狂欢……你会为此沉沦……,2,,,,,,
,12216,40022,16,看板3,哎哎哎哎，别碰！伤口不深！……我都说了别碰！……我不疼！,3,,,,,,
,12217,40022,17,羁绊1,哼！没想到那帮只会空谈的文臣里还有聪明人！,4,,,,,,
,12218,40022,18,羁绊2,我认识一人，光靠两片嘴皮子就能把吴国给说倒了，你说厉害不厉害？,5,,,,,,
,12219,40022,19,送花1,哎呦喂，这么娘们唧唧的东西老娘也有收到的一天！,4,,,,,,
,12220,40022,20,送花2,你送的，我都喜欢！,5,,,,,,
,12301,40023,1,战斗开始,咕咕咕,0,,,,,,
,12302,40023,2,技能连携,咕咕咕,0,,,,,,
,12303,40023,3,普攻,咕咕咕,0,,,,,,
,12304,40023,4,大招,咕咕咕,0,,,,,,
,12305,40023,5,受击,咕咕咕,0,,,,,,
,12306,40023,6,重伤,咕咕咕,0,,,,,,
,12307,40023,7,战斗胜利,咕咕咕,0,,,,,,
,12308,40023,8,召唤,咕咕咕,0,,,,,,
,12309,40023,9,升级,咕咕咕,0,,,,,,
,12310,40023,10,升星,咕咕咕,0,,,,,,
,12311,40023,11,生日,咕咕咕,0,,,,,,
,12312,40023,12,进入家园,咕咕咕,0,,,,,,
,12313,40023,13,退出家园,咕咕咕,0,,,,,,
,12314,40023,14,看板1,咕咕咕,1,,,,,,
,12315,40023,15,看板2,咕咕咕,2,,,,,,
,12316,40023,16,看板3,咕咕咕,3,,,,,,
,12317,40023,17,看板4,咕咕咕,4,,,,,,
,12318,40023,18,看板5,咕咕咕,5,,,,,,
,12319,40023,19,看板6,咕咕咕,4,,,,,,
,12320,40024,20,看板7,咕咕咕,5,,,,,,
,12401,40024,1,战斗开始,咕咕咕,0,,,,,,
,12402,40024,2,技能连携,咕咕咕,0,,,,,,
,12403,40024,3,普攻,咕咕咕,0,,,,,,
,12404,40024,4,大招,咕咕咕,0,,,,,,
,12405,40024,5,受击,咕咕咕,0,,,,,,
,12406,40024,6,重伤,咕咕咕,0,,,,,,
,12407,40024,7,战斗胜利,咕咕咕,0,,,,,,
,12408,40024,8,召唤,咕咕咕,0,,,,,,
,12409,40024,9,升级,咕咕咕,0,,,,,,
,12410,40024,10,升星,咕咕咕,0,,,,,,
,12411,40024,11,生日,咕咕咕,0,,,,,,
,12412,40024,12,进入家园,咕咕咕,0,,,,,,
,12413,40024,13,退出家园,咕咕咕,0,,,,,,
,12414,40024,14,看板1,咕咕咕,1,,,,,,
,12415,40024,15,看板2,咕咕咕,2,,,,,,
,12416,40024,16,看板3,咕咕咕,3,,,,,,
,12417,40024,17,看板4,咕咕咕,4,,,,,,
,12418,40024,18,看板5,咕咕咕,5,,,,,,
,12419,40024,19,看板6,咕咕咕,4,,,,,,
,12420,40024,20,看板7,咕咕咕,5,,,,,,
,12501,40025,1,战斗开始,动手这种事情，以后不要找我，我不喜欢。,0,,,,,,
,12502,40025,2,登录,你相信缘分吗？……呵呵……我相信。,0,,,,,,
,12503,40025,3,大招,你是让我试药之人吗？,0,,,,,,
,12504,40025,4,受击,……呵……,0,,,,,,
,12505,40025,5,重伤,结束吧……,0,,,,,,
,12506,40025,6,战斗胜利,早知如此，何必当初？,0,,,,,,
,12507,40025,7,召唤,你寻我是来治病的么？我很贵的。,0,,,,,,
,12508,40025,8,升星,这些……暖暖的、亮亮的东西是什么？……唔……,0,,,,,,
,12509,40025,9,好感LV1,有病，就得治。,0,,,,,,
,12510,40025,10,好感LV2,你来了？正好，我方才去采了药，你替我去分一分吧！,0,,,,,,
,12511,40025,11,好感LV3,你在做什么？……别乱吃！有毒！……唔……药也是能乱吃的么？,0,,,,,,
,12512,40025,12,好感LV4,我曾发下誓言，要行这世上不可行之事，救这世上不能救之人……只可惜时光荏苒，初心早易。,0,,,,,,
,12513,40025,13,好感LV5,这世间万物多寡而无味，让人扫兴……你不同，你是如此的令我着迷。,0,,,,,,
,12514,40025,14,看板1,过来，这针扎人不痛。,1,,,,,,
,12515,40025,15,看板2,施药救人，救不了人心伤痛，悬壶济世，济不了万般众生。,2,,,,,,
,12516,40025,16,看板3,我曾发大恻隐之心，誓愿普救含灵之苦……可惜……,3,,,,,,
,12517,40025,17,羁绊1,我认识一个人，诗写得很好……,4,,,,,,
,12518,40025,18,羁绊2,很好的箫声？……我曾也听过……舞幽壑之潜蛟，泣孤舟之嫠妇……并不是说说而已。,5,,,,,,
,12519,40025,19,送花1,这是珍贵的药草吗？,4,,,,,,
,12520,40025,20,送花2,其色艳丽，无毒，微香，食之苦涩……只是一朵普通的花罢了……不过纵然它平平无奇，我还是很喜欢。,5,,,,,,
,12601,40026,1,战斗开始,请尽情的使用我。,0,,,,,,
,12602,40026,2,登录,找到您了。,0,,,,,,
,12603,40026,3,大招,……归去……,0,,,,,,
,12604,40026,4,受击,……唔……,0,,,,,,
,12605,40026,5,重伤,……只能帮您到这里了……,0,,,,,,
,12606,40026,6,战斗胜利,不必多夸奖我，这是应当的事情。,0,,,,,,
,12607,40026,7,召唤,是否……我并不在您的期待之中？,0,,,,,,
,12608,40026,8,升星,原来您还记得我……,0,,,,,,
,12609,40026,9,好感LV1,江湖？江湖是一个很无趣的地方，您不会想要知道的……,0,,,,,,
,12610,40026,10,好感LV2,……好好好，我告诉您。那也不是一个总是打打杀杀的地方，若是天天打打杀杀，哪来这许多的人？,0,,,,,,
,12611,40026,11,好感LV3,但是总是有许多身不由己的时候。,0,,,,,,
,12612,40026,12,好感LV4,如果我也像……那么强大，或许这些都不会经历。,0,,,,,,
,12613,40026,13,好感LV5,……答应我，如果您哪一天想去江湖……让我陪着您好吗？我一定一定会护您平安的。,0,,,,,,
,12614,40026,14,看板1,唔……小心手，别戳疼了您。,1,,,,,,
,12615,40026,15,看板2,这把剑……这把剑没有什么特殊的，就是城门口王家铺子买的生铁剑而已。,2,,,,,,
,12616,40026,16,看板3,我……就是这样一个平平无奇的人而已……您很……失望吗？,3,,,,,,
,12617,40026,17,羁绊1,我将是他最忠实的剑……,4,,,,,,
,12618,40026,18,羁绊2,什么时候，才能和他并肩而行呢……,5,,,,,,
,12619,40026,19,送花1,这……我……我……,4,,,,,,
,12620,40026,20,送花2,是给我的吗？……真的吗？……多谢您。,5,,,,,,
,12701,40027,1,战斗开始,咕咕咕,0,,,,,,
,12702,40027,2,技能连携,咕咕咕,0,,,,,,
,12703,40027,3,普攻,咕咕咕,0,,,,,,
,12704,40027,4,大招,咕咕咕,0,,,,,,
,12705,40027,5,受击,咕咕咕,0,,,,,,
,12706,40027,6,重伤,咕咕咕,0,,,,,,
,12707,40027,7,战斗胜利,咕咕咕,0,,,,,,
,12708,40027,8,召唤,咕咕咕,0,,,,,,
,12709,40027,9,升级,咕咕咕,0,,,,,,
,12710,40027,10,升星,咕咕咕,0,,,,,,
,12711,40027,11,生日,咕咕咕,0,,,,,,
,12712,40027,12,进入家园,咕咕咕,0,,,,,,
,12713,40027,13,退出家园,咕咕咕,0,,,,,,
,12714,40027,14,看板1,咕咕咕,1,,,,,,
,12715,40027,15,看板2,咕咕咕,2,,,,,,
,12716,40027,16,看板3,咕咕咕,3,,,,,,
,12717,40027,17,看板4,咕咕咕,4,,,,,,
,12718,40027,18,看板5,咕咕咕,5,,,,,,
,12719,40027,19,看板6,咕咕咕,4,,,,,,
,12720,40027,20,看板7,咕咕咕,5,,,,,,
,12801,40028,1,战斗开始,真是有些为难我……,0,,,,,,
,12802,40028,2,登录,远去的人总有归来的一天。,0,,,,,,
,12803,40028,3,大招,化笔为刀，刻此青史。,0,,,,,,
,12804,40028,4,受击,……唔……,0,,,,,,
,12805,40028,5,重伤,……哎？果然还是不行啊……,0,,,,,,
,12806,40028,6,战斗胜利,居然胜利了，真是意料之外。,0,,,,,,
,12807,40028,7,召唤,我是要认真考科举的！可不当狗头军师！,0,,,,,,
,12808,40028,8,升星,多谢您的关怀，我很喜欢。,0,,,,,,
,12809,40028,9,好感LV1,我与她相遇在扬州，宛若三流话本小说一样，穷酸秀才救了一位落难的闺秀。,0,,,,,,
,12810,40028,10,好感LV2,落花有意，流水无情。,0,,,,,,
,12811,40028,11,好感LV3,后来，又走散了。我不是很放心她，便一路追来了金陵。,0,,,,,,
,12812,40028,12,好感LV4,听说……她过的不错。,0,,,,,,
,12813,40028,13,好感LV5,虽然不知道这是什么样的心情，但是我已经……很满足了。,0,,,,,,
,12814,40028,14,看板1,寒来暑往，秋收冬藏……下一句是什么来着？,1,,,,,,
,12815,40028,15,看板2,书山有路勤为径，学海无涯苦作舟。,2,,,,,,
,12816,40028,16,看板3,万一这次科举又落榜了，我就去你家当个师爷可好？,3,,,,,,
,12817,40028,17,羁绊1,虽然不知道她在何方，但是她一定过得很好吧……,4,,,,,,
,12818,40028,18,羁绊2,我从未想过，乐器能奏出那样优美的声音。,5,,,,,,
,12819,40028,19,送花1,花？……多谢您。,4,,,,,,
,12820,40028,20,送花2,拿开拿开！我闻着打喷嚏！――（啊气）――,5,,,,,,
,12901,40029,1,战斗开始,咕咕咕,0,,,,,,
,12902,40029,2,技能连携,咕咕咕,0,,,,,,
,12903,40029,3,普攻,咕咕咕,0,,,,,,
,12904,40029,4,大招,咕咕咕,0,,,,,,
,12905,40029,5,受击,咕咕咕,0,,,,,,
,12906,40029,6,重伤,咕咕咕,0,,,,,,
,12907,40029,7,战斗胜利,咕咕咕,0,,,,,,
,12908,40029,8,召唤,咕咕咕,0,,,,,,
,12909,40029,9,升级,咕咕咕,0,,,,,,
,12910,40029,10,升星,咕咕咕,0,,,,,,
,12911,40029,11,生日,咕咕咕,0,,,,,,
,12912,40029,12,进入家园,咕咕咕,0,,,,,,
,12913,40029,13,退出家园,咕咕咕,0,,,,,,
,12914,40029,14,看板1,咕咕咕,1,,,,,,
,12915,40029,15,看板2,咕咕咕,2,,,,,,
,12916,40029,16,看板3,咕咕咕,3,,,,,,
,12917,40029,17,看板4,咕咕咕,4,,,,,,
,12918,40029,18,看板5,咕咕咕,5,,,,,,
,12919,40029,19,看板6,咕咕咕,4,,,,,,
,12920,40029,20,看板7,咕咕咕,5,,,,,,
,13001,40030,1,战斗开始,咕咕咕,0,,,,,,
,13002,40030,2,技能连携,咕咕咕,0,,,,,,
,13003,40030,3,普攻,咕咕咕,0,,,,,,
,13004,40030,4,大招,咕咕咕,0,,,,,,
,13005,40030,5,受击,咕咕咕,0,,,,,,
,13006,40030,6,重伤,咕咕咕,0,,,,,,
,13007,40030,7,战斗胜利,咕咕咕,0,,,,,,
,13008,40030,8,召唤,咕咕咕,0,,,,,,
,13009,40030,9,升级,咕咕咕,0,,,,,,
,13010,40030,10,升星,咕咕咕,0,,,,,,
,13011,40030,11,生日,咕咕咕,0,,,,,,
,13012,40030,12,进入家园,咕咕咕,0,,,,,,
,13013,40030,13,退出家园,咕咕咕,0,,,,,,
,13014,40030,14,看板1,咕咕咕,1,,,,,,
,13015,40030,15,看板2,咕咕咕,2,,,,,,
,13016,40030,16,看板3,咕咕咕,3,,,,,,
,13017,40030,17,看板4,咕咕咕,4,,,,,,
,13018,40030,18,看板5,咕咕咕,5,,,,,,
,13019,40030,19,看板6,咕咕咕,4,,,,,,
,13020,40030,20,看板7,咕咕咕,5,,,,,,
,13101,40031,1,战斗开始,咕咕咕,0,,,,,,
,13102,40031,2,技能连携,咕咕咕,0,,,,,,
,13103,40031,3,普攻,咕咕咕,0,,,,,,
,13104,40031,4,大招,咕咕咕,0,,,,,,
,13105,40031,5,受击,咕咕咕,0,,,,,,
,13106,40031,6,重伤,咕咕咕,0,,,,,,
,13107,40031,7,战斗胜利,咕咕咕,0,,,,,,
,13108,40031,8,召唤,咕咕咕,0,,,,,,
,13109,40031,9,升级,咕咕咕,0,,,,,,
,13110,40031,10,升星,咕咕咕,0,,,,,,
,13111,40031,11,生日,咕咕咕,0,,,,,,
,13112,40031,12,进入家园,咕咕咕,0,,,,,,
,13113,40031,13,退出家园,咕咕咕,0,,,,,,
,13114,40031,14,看板1,咕咕咕,1,,,,,,
,13115,40031,15,看板2,咕咕咕,2,,,,,,
,13116,40031,16,看板3,咕咕咕,3,,,,,,
,13117,40031,17,看板4,咕咕咕,4,,,,,,
,13118,40031,18,看板5,咕咕咕,5,,,,,,
,13119,40031,19,看板6,咕咕咕,4,,,,,,
,13120,40031,20,看板7,咕咕咕,5,,,,,,
,13201,40032,1,战斗开始,咕咕咕,0,,,,,,
,13202,40032,2,技能连携,咕咕咕,0,,,,,,
,13203,40032,3,普攻,咕咕咕,0,,,,,,
,13204,40032,4,大招,咕咕咕,0,,,,,,
,13205,40032,5,受击,咕咕咕,0,,,,,,
,13206,40032,6,重伤,咕咕咕,0,,,,,,
,13207,40032,7,战斗胜利,咕咕咕,0,,,,,,
,13208,40032,8,召唤,咕咕咕,0,,,,,,
,13209,40032,9,升级,咕咕咕,0,,,,,,
,13210,40032,10,升星,咕咕咕,0,,,,,,
,13211,40032,11,生日,咕咕咕,0,,,,,,
,13212,40032,12,进入家园,咕咕咕,0,,,,,,
,13213,40032,13,退出家园,咕咕咕,0,,,,,,
,13214,40032,14,看板1,咕咕咕,1,,,,,,
,13215,40032,15,看板2,咕咕咕,2,,,,,,
,13216,40032,16,看板3,咕咕咕,3,,,,,,
,13217,40032,17,看板4,咕咕咕,4,,,,,,
,13218,40032,18,看板5,咕咕咕,5,,,,,,
,13219,40032,19,看板6,咕咕咕,4,,,,,,
,13220,40032,20,看板7,咕咕咕,5,,,,,,
,13301,40033,1,战斗开始,咕咕咕,0,,,,,,
,13302,40033,2,技能连携,咕咕咕,0,,,,,,
,13303,40033,3,普攻,咕咕咕,0,,,,,,
,13304,40033,4,大招,咕咕咕,0,,,,,,
,13305,40033,5,受击,咕咕咕,0,,,,,,
,13306,40033,6,重伤,咕咕咕,0,,,,,,
,13307,40033,7,战斗胜利,咕咕咕,0,,,,,,
,13308,40033,8,召唤,咕咕咕,0,,,,,,
,13309,40033,9,升级,咕咕咕,0,,,,,,
,13310,40033,10,升星,咕咕咕,0,,,,,,
,13311,40033,11,生日,咕咕咕,0,,,,,,
,13312,40033,12,进入家园,咕咕咕,0,,,,,,
,13313,40033,13,退出家园,咕咕咕,0,,,,,,
,13314,40033,14,看板1,咕咕咕,1,,,,,,
,13315,40033,15,看板2,咕咕咕,2,,,,,,
,13316,40033,16,看板3,咕咕咕,3,,,,,,
,13317,40033,17,看板4,咕咕咕,4,,,,,,
,13318,40033,18,看板5,咕咕咕,5,,,,,,
,13319,40033,19,看板6,咕咕咕,4,,,,,,
,13320,40033,20,看板7,咕咕咕,5,,,,,,
,13401,40034,1,战斗开始,咕咕咕,0,,,,,,
,13402,40034,2,技能连携,咕咕咕,0,,,,,,
,13403,40034,3,普攻,咕咕咕,0,,,,,,
,13404,40034,4,大招,咕咕咕,0,,,,,,
,13405,40034,5,受击,咕咕咕,0,,,,,,
,13406,40034,6,重伤,咕咕咕,0,,,,,,
,13407,40034,7,战斗胜利,咕咕咕,0,,,,,,
,13408,40034,8,召唤,咕咕咕,0,,,,,,
,13409,40034,9,升级,咕咕咕,0,,,,,,
,13410,40034,10,升星,咕咕咕,0,,,,,,
,13411,40034,11,生日,咕咕咕,0,,,,,,
,13412,40034,12,进入家园,咕咕咕,0,,,,,,
,13413,40034,13,退出家园,咕咕咕,0,,,,,,
,13414,40034,14,看板1,咕咕咕,1,,,,,,
,13415,40034,15,看板2,咕咕咕,2,,,,,,
,13416,40034,16,看板3,咕咕咕,3,,,,,,
,13417,40034,17,看板4,咕咕咕,4,,,,,,
,13418,40034,18,看板5,咕咕咕,5,,,,,,
,13419,40034,19,看板6,咕咕咕,4,,,,,,
,13420,40034,20,看板7,咕咕咕,5,,,,,,
,13501,40034,1,战斗开始,咕咕咕,0,,,,,,
,13502,40035,2,技能连携,咕咕咕,0,,,,,,
,13503,40035,3,普攻,咕咕咕,0,,,,,,
,13504,40035,4,大招,咕咕咕,0,,,,,,
,13505,40035,5,受击,咕咕咕,0,,,,,,
,13506,40035,6,重伤,咕咕咕,0,,,,,,
,13507,40035,7,战斗胜利,咕咕咕,0,,,,,,
,13508,40035,8,召唤,咕咕咕,0,,,,,,
,13509,40035,9,升级,咕咕咕,0,,,,,,
,13510,40035,10,升星,咕咕咕,0,,,,,,
,13511,40035,11,生日,咕咕咕,0,,,,,,
,13512,40035,12,进入家园,咕咕咕,0,,,,,,
,13513,40035,13,退出家园,咕咕咕,0,,,,,,
,13514,40035,14,看板1,咕咕咕,1,,,,,,
,13515,40035,15,看板2,咕咕咕,2,,,,,,
,13516,40035,16,看板3,咕咕咕,3,,,,,,
,13517,40035,17,看板4,咕咕咕,4,,,,,,
,13518,40035,18,看板5,咕咕咕,5,,,,,,
,13519,40035,19,看板6,咕咕咕,4,,,,,,
,13520,40035,20,看板7,咕咕咕,5,,,,,,
,13601,40036,1,战斗开始,咕咕咕,0,,,,,,
,13602,40036,2,技能连携,咕咕咕,0,,,,,,
,13603,40036,3,普攻,咕咕咕,0,,,,,,
,13604,40036,4,大招,咕咕咕,0,,,,,,
,13605,40036,5,受击,咕咕咕,0,,,,,,
,13606,40036,6,重伤,咕咕咕,0,,,,,,
,13607,40036,7,战斗胜利,咕咕咕,0,,,,,,
,13608,40036,8,召唤,咕咕咕,0,,,,,,
,13609,40036,9,升级,咕咕咕,0,,,,,,
,13610,40036,10,升星,咕咕咕,0,,,,,,
,13611,40036,11,生日,咕咕咕,0,,,,,,
,13612,40036,12,进入家园,咕咕咕,0,,,,,,
,13613,40036,13,退出家园,咕咕咕,0,,,,,,
,13614,40036,14,看板1,咕咕咕,1,,,,,,
,13615,40036,15,看板2,咕咕咕,2,,,,,,
,13616,40036,16,看板3,咕咕咕,3,,,,,,
,13617,40036,17,看板4,咕咕咕,4,,,,,,
,13618,40036,18,看板5,咕咕咕,5,,,,,,
,13619,40036,19,看板6,咕咕咕,4,,,,,,
,13620,40036,20,看板7,咕咕咕,5,,,,,,
